Date,Close
2004/12/31,"1,000.00"
2005/1/4,982.794
2005/1/5,992.564
2005/1/6,983.174
2005/1/7,983.958
2005/1/10,993.879
2005/1/11,997.135
2005/1/12,996.748
2005/1/13,996.877
2005/1/14,988.306
2005/1/17,967.452
2005/1/18,974.689
2005/1/19,967.21
2005/1/20,956.245
2005/1/21,982.604
2005/1/24,998.133
2005/1/25,997.775
2005/1/26,989.928
2005/1/27,974.631
2005/1/28,969.209
2005/1/31,954.879
2005/2/1,955.951
2005/2/2,"1,006.91"
2005/2/3,993.215
2005/2/4,"1,016.86"
2005/2/16,"1,023.58"
2005/2/17,"1,020.61"
2005/2/18,"1,006.06"
2005/2/21,"1,025.63"
2005/2/22,"1,046.74"
2005/2/23,"1,043.94"
2005/2/24,"1,045.46"
2005/2/25,"1,046.76"
2005/2/28,"1,039.99"
2005/3/1,"1,035.93"
2005/3/2,"1,021.32"
2005/3/3,"1,027.71"
2005/3/4,"1,023.67"
2005/3/7,"1,029.87"
2005/3/8,"1,048.99"
2005/3/9,"1,046.54"
2005/3/10,"1,022.41"
2005/3/11,"1,027.43"
2005/3/14,"1,031.03"
2005/3/15,"1,013.52"
2005/3/16,"1,003.07"
2005/3/17,992.863
2005/3/18,978.665
2005/3/21,981.893
2005/3/22,964.024
2005/3/23,959.01
2005/3/24,964.801
2005/3/25,962.955
2005/3/28,960.696
2005/3/29,955.19
2005/3/30,937.034
2005/3/31,942.203
2005/4/1,978.145
2005/4/4,962.168
2005/4/5,955.598
2005/4/6,973.668
2005/4/7,984.733
2005/4/8,"1,003.45"
2005/4/11,995.421
2005/4/12,978.697
2005/4/13,"1,000.90"
2005/4/14,986.975
2005/4/15,974.082
2005/4/18,963.772
2005/4/19,965.886
2005/4/20,950.867
2005/4/21,943.981
2005/4/22,939.101
2005/4/25,930.07
2005/4/26,937.083
2005/4/27,926.604
2005/4/28,942.073
2005/4/29,932.395
2005/5/9,909.174
2005/5/10,913.076
2005/5/11,901.851
2005/5/12,885.82
2005/5/13,887.543
2005/5/16,875.271
2005/5/17,881.462
2005/5/18,883.196
2005/5/19,884.171
2005/5/20,882.763
2005/5/23,863.341
2005/5/24,868.456
2005/5/25,868.451
2005/5/26,857.331
2005/5/27,849.508
2005/5/30,855.612
2005/5/31,855.946
2005/6/1,837.532
2005/6/2,818.379
2005/6/3,818.033
2005/6/6,838.997
2005/6/7,837.282
2005/6/8,905.773
2005/6/9,912.604
2005/6/10,894.556
2005/6/13,892.959
2005/6/14,883.537
2005/6/15,866.834
2005/6/16,879.237
2005/6/17,880.345
2005/6/20,906.255
2005/6/21,896.166
2005/6/22,900.646
2005/6/23,893.572
2005/6/24,898.301
2005/6/27,916.043
2005/6/28,903.716
2005/6/29,898.898
2005/6/30,878.686
2005/7/1,859.494
2005/7/4,855.932
2005/7/5,849.679
2005/7/6,842.556
2005/7/7,844.729
2005/7/8,829.489
2005/7/11,824.097
2005/7/12,851.816
2005/7/13,846.231
2005/7/14,849.59
2005/7/15,841.001
2005/7/18,832.995
2005/7/19,835.608
2005/7/20,842.641
2005/7/21,843.987
2005/7/22,859.693
2005/7/25,856.86
2005/7/26,876.48
2005/7/27,894.012
2005/7/28,890.885
2005/7/29,888.164
2005/8/1,891.607
2005/8/2,903.598
2005/8/3,909.57
2005/8/4,904.15
2005/8/5,923.803
2005/8/8,927.471
2005/8/9,933.089
2005/8/10,940.37
2005/8/11,953.992
2005/8/12,938.316
2005/8/15,954.502
2005/8/16,945.058
2005/8/17,953.012
2005/8/18,920.671
2005/8/19,923.038
2005/8/22,931.673
2005/8/23,923.414
2005/8/24,930.651
2005/8/25,930.118
2005/8/26,928.258
2005/8/29,917.371
2005/8/30,914.88
2005/8/31,927.916
2005/9/1,944.559
2005/9/2,947.871
2005/9/5,952.717
2005/9/6,936.61
2005/9/7,952.758
2005/9/8,955.282
2005/9/9,949.065
2005/9/12,949.506
2005/9/13,963.774
2005/9/14,970.193
2005/9/15,969.598
2005/9/16,967.495
2005/9/19,971.136
2005/9/20,961.919
2005/9/21,944.408
2005/9/22,923.274
2005/9/23,916.154
2005/9/26,918.485
2005/9/27,904.214
2005/9/28,903.719
2005/9/29,915.975
2005/9/30,917.392
2005/10/10,907.321
2005/10/11,919.72
2005/10/12,923.485
2005/10/13,916.499
2005/10/14,904.828
2005/10/17,897.623
2005/10/18,902.366
2005/10/19,898.744
2005/10/20,899.915
2005/10/21,904.414
2005/10/24,906.652
2005/10/25,894.272
2005/10/26,875.82
2005/10/27,875.849
2005/10/28,867.729
2005/10/31,876.282
2005/11/1,872.865
2005/11/2,882.478
2005/11/3,874.575
2005/11/4,878.361
2005/11/7,877.278
2005/11/8,881.524
2005/11/9,879.252
2005/11/10,862.968
2005/11/11,864.79
2005/11/14,862.149
2005/11/15,856.635
2005/11/16,863.119
2005/11/17,862.658
2005/11/18,882.241
2005/11/21,883.871
2005/11/22,869.617
2005/11/23,876.229
2005/11/24,881.493
2005/11/25,884.105
2005/11/28,880.167
2005/11/29,871.31
2005/11/30,873.825
2005/12/1,873.067
2005/12/2,869.936
2005/12/5,859.61
2005/12/6,866.075
2005/12/7,873.838
2005/12/8,874.056
2005/12/9,887.358
2005/12/12,888.518
2005/12/13,889.101
2005/12/14,898.153
2005/12/15,896.434
2005/12/16,902.561
2005/12/19,902.91
2005/12/20,907.318
2005/12/21,903.144
2005/12/22,908.754
2005/12/23,915.89
2005/12/26,922.378
2005/12/27,919.36
2005/12/28,920.919
2005/12/29,932.031
2005/12/30,923.451
2006/1/4,941.428
2006/1/5,959.134
2006/1/6,970.032
2006/1/9,975.253
2006/1/10,978.154
2006/1/11,973.477
2006/1/12,983.716
2006/1/13,978.809
2006/1/16,961.439
2006/1/17,964.29
2006/1/18,983.622
2006/1/19,991.222
2006/1/20,993.34
2006/1/23,996.162
2006/1/24,999.093
2006/1/25,"1,009.60"
2006/2/6,"1,033.23"
2006/2/7,"1,029.94"
2006/2/8,"1,033.07"
2006/2/9,"1,019.60"
2006/2/10,"1,032.34"
2006/2/13,"1,031.61"
2006/2/14,"1,038.53"
2006/2/15,"1,041.66"
2006/2/16,"1,020.12"
2006/2/17,"1,020.37"
2006/2/20,"1,021.64"
2006/2/21,"1,038.82"
2006/2/22,"1,037.89"
2006/2/23,"1,041.37"
2006/2/24,"1,049.44"
2006/2/27,"1,047.85"
2006/2/28,"1,053.01"
2006/3/1,"1,056.62"
2006/3/2,"1,038.67"
2006/3/3,"1,041.68"
2006/3/6,"1,038.87"
2006/3/7,"1,014.97"
2006/3/8,"1,009.27"
2006/3/9,"1,004.34"
2006/3/10,"1,008.90"
2006/3/13,"1,019.86"
2006/3/14,"1,018.27"
2006/3/15,"1,028.96"
2006/3/16,"1,027.62"
2006/3/17,"1,024.02"
2006/3/20,"1,037.66"
2006/3/21,"1,040.76"
2006/3/22,"1,047.67"
2006/3/23,"1,048.54"
2006/3/24,"1,042.60"
2006/3/27,"1,050.71"
2006/3/28,"1,055.98"
2006/3/29,"1,065.29"
2006/3/30,"1,055.63"
2006/3/31,"1,061.09"
2006/4/3,"1,079.32"
2006/4/4,"1,089.37"
2006/4/5,"1,099.97"
2006/4/6,"1,103.24"
2006/4/7,"1,103.15"
2006/4/10,"1,117.91"
2006/4/11,"1,123.31"
2006/4/12,"1,117.07"
2006/4/13,"1,093.93"
2006/4/14,"1,118.61"
2006/4/17,"1,124.41"
2006/4/18,"1,131.28"
2006/4/19,"1,138.24"
2006/4/20,"1,134.38"
2006/4/21,"1,149.16"
2006/4/24,"1,142.70"
2006/4/25,"1,141.93"
2006/4/26,"1,155.73"
2006/4/27,"1,155.27"
2006/4/28,"1,172.35"
2006/5/8,"1,218.45"
2006/5/9,"1,251.61"
2006/5/10,"1,265.93"
2006/5/11,"1,255.04"
2006/5/12,"1,296.26"
2006/5/15,"1,352.16"
2006/5/16,"1,331.13"
2006/5/17,"1,335.52"
2006/5/18,"1,331.20"
2006/5/19,"1,366.10"
2006/5/22,"1,373.67"
2006/5/23,"1,317.65"
2006/5/24,"1,308.24"
2006/5/25,"1,307.70"
2006/5/26,"1,331.02"
2006/5/29,"1,366.29"
2006/5/30,"1,378.76"
2006/5/31,"1,365.45"
2006/6/1,"1,402.88"
2006/6/2,"1,390.12"
2006/6/5,"1,403.16"
2006/6/6,"1,399.14"
2006/6/7,"1,320.23"
2006/6/8,"1,325.98"
2006/6/9,"1,294.19"
2006/6/12,"1,297.67"
2006/6/13,"1,298.28"
2006/6/14,"1,283.88"
2006/6/15,"1,285.39"
2006/6/16,"1,318.01"
2006/6/19,"1,334.89"
2006/6/20,"1,338.22"
2006/6/21,"1,333.53"
2006/6/22,"1,331.55"
2006/6/23,"1,339.45"
2006/6/26,"1,363.41"
2006/6/27,"1,363.90"
2006/6/28,"1,362.89"
2006/6/29,"1,395.12"
2006/6/30,"1,393.96"
2006/7/3,"1,420.33"
2006/7/4,"1,411.01"
2006/7/5,"1,393.01"
2006/7/6,"1,418.68"
2006/7/7,"1,410.43"
2006/7/10,"1,412.12"
2006/7/11,"1,418.58"
2006/7/12,"1,419.20"
2006/7/13,"1,346.09"
2006/7/14,"1,357.13"
2006/7/17,"1,372.25"
2006/7/18,"1,373.42"
2006/7/19,"1,336.64"
2006/7/20,"1,345.19"
2006/7/21,"1,356.03"
2006/7/24,"1,358.12"
2006/7/25,"1,374.17"
2006/7/26,"1,371.30"
2006/7/27,"1,355.55"
2006/7/28,"1,341.39"
2006/7/31,"1,294.33"
2006/8/1,"1,282.06"
2006/8/2,"1,275.09"
2006/8/3,"1,271.74"
2006/8/4,"1,241.91"
2006/8/7,"1,224.10"
2006/8/8,"1,252.39"
2006/8/9,"1,251.30"
2006/8/10,"1,271.47"
2006/8/11,"1,275.65"
2006/8/14,"1,245.72"
2006/8/15,"1,265.86"
2006/8/16,"1,283.57"
2006/8/17,"1,271.63"
2006/8/18,"1,267.87"
2006/8/21,"1,270.56"
2006/8/22,"1,285.27"
2006/8/23,"1,285.68"
2006/8/24,"1,292.40"
2006/8/25,"1,295.44"
2006/8/28,"1,325.89"
2006/8/29,"1,330.16"
2006/8/30,"1,334.67"
2006/8/31,"1,338.69"
2006/9/1,"1,318.10"
2006/9/4,"1,337.24"
2006/9/5,"1,340.68"
2006/9/6,"1,346.37"
2006/9/7,"1,328.38"
2006/9/8,"1,332.15"
2006/9/11,"1,338.76"
2006/9/12,"1,347.64"
2006/9/13,"1,338.39"
2006/9/14,"1,338.28"
2006/9/15,"1,362.32"
2006/9/18,"1,375.56"
2006/9/19,"1,378.31"
2006/9/20,"1,378.46"
2006/9/21,"1,387.37"
2006/9/22,"1,374.85"
2006/9/25,"1,372.40"
2006/9/26,"1,357.65"
2006/9/27,"1,371.12"
2006/9/28,"1,387.00"
2006/9/29,"1,403.27"
2006/10/9,"1,436.07"
2006/10/10,"1,437.25"
2006/10/11,"1,435.91"
2006/10/12,"1,426.50"
2006/10/13,"1,430.88"
2006/10/16,"1,418.52"
2006/10/17,"1,414.45"
2006/10/18,"1,437.59"
2006/10/19,"1,439.38"
2006/10/20,"1,440.18"
2006/10/23,"1,408.72"
2006/10/24,"1,440.05"
2006/10/25,"1,446.83"
2006/10/26,"1,456.10"
2006/10/27,"1,439.05"
2006/10/30,"1,446.24"
2006/10/31,"1,464.47"
2006/11/1,"1,479.41"
2006/11/2,"1,479.66"
2006/11/3,"1,488.29"
2006/11/6,"1,507.89"
2006/11/7,"1,516.10"
2006/11/8,"1,498.17"
2006/11/9,"1,524.71"
2006/11/10,"1,504.06"
2006/11/13,"1,475.78"
2006/11/14,"1,493.78"
2006/11/15,"1,534.76"
2006/11/16,"1,533.29"
2006/11/17,"1,562.08"
2006/11/20,"1,593.16"
2006/11/21,"1,612.25"
2006/11/22,"1,624.03"
2006/11/23,"1,634.91"
2006/11/24,"1,636.58"
2006/11/27,"1,651.80"
2006/11/28,"1,644.01"
2006/11/29,"1,667.14"
2006/11/30,"1,714.36"
2006/12/1,"1,729.22"
2006/12/4,"1,780.74"
2006/12/5,"1,794.23"
2006/12/6,"1,779.41"
2006/12/7,"1,775.71"
2006/12/8,"1,711.58"
2006/12/11,"1,789.92"
2006/12/12,"1,802.79"
2006/12/13,"1,803.86"
2006/12/14,"1,836.14"
2006/12/15,"1,867.64"
2006/12/18,"1,916.11"
2006/12/19,"1,921.44"
2006/12/20,"1,936.55"
2006/12/21,"1,908.99"
2006/12/22,"1,895.64"
2006/12/25,"1,939.10"
2006/12/26,"1,938.24"
2006/12/27,"1,982.88"
2006/12/28,"1,979.93"
2006/12/29,"2,041.05"
2007/1/4,"2,067.09"
2007/1/5,"2,072.88"
2007/1/8,"2,131.56"
2007/1/9,"2,200.09"
2007/1/10,"2,255.97"
2007/1/11,"2,231.63"
2007/1/12,"2,173.75"
2007/1/15,"2,287.34"
2007/1/16,"2,353.87"
2007/1/17,"2,308.93"
2007/1/18,"2,317.10"
2007/1/19,"2,396.09"
2007/1/22,"2,491.31"
2007/1/23,"2,508.13"
2007/1/24,"2,536.43"
2007/1/25,"2,452.83"
2007/1/26,"2,512.92"
2007/1/29,"2,576.92"
2007/1/30,"2,551.88"
2007/1/31,"2,385.34"
2007/2/1,"2,395.17"
2007/2/2,"2,298.00"
2007/2/5,"2,271.80"
2007/2/6,"2,316.04"
2007/2/7,"2,369.79"
2007/2/8,"2,410.60"
2007/2/9,"2,397.25"
2007/2/12,"2,485.39"
2007/2/13,"2,522.63"
2007/2/14,"2,588.35"
2007/2/15,"2,668.63"
2007/2/16,"2,676.74"
2007/2/26,"2,707.68"
2007/2/27,"2,457.49"
2007/2/28,"2,544.57"
2007/3/1,"2,473.54"
2007/3/2,"2,508.73"
2007/3/5,"2,475.61"
2007/3/6,"2,520.29"
2007/3/7,"2,589.44"
2007/3/8,"2,627.63"
2007/3/9,"2,611.39"
2007/3/12,"2,616.17"
2007/3/13,"2,640.17"
2007/3/14,"2,597.36"
2007/3/15,"2,645.55"
2007/3/16,"2,604.23"
2007/3/19,"2,659.41"
2007/3/20,"2,672.77"
2007/3/21,"2,702.60"
2007/3/22,"2,711.32"
2007/3/23,"2,716.27"
2007/3/26,"2,764.03"
2007/3/27,"2,784.02"
2007/3/28,"2,797.65"
2007/3/29,"2,783.31"
2007/3/30,"2,781.78"
2007/4/2,"2,850.11"
2007/4/3,"2,888.12"
2007/4/4,"2,911.82"
2007/4/5,"2,945.05"
2007/4/6,"2,972.01"
2007/4/9,"3,038.17"
2007/4/10,"3,081.57"
2007/4/11,"3,121.32"
2007/4/12,"3,176.44"
2007/4/13,"3,169.23"
2007/4/16,"3,256.00"
2007/4/17,"3,283.60"
2007/4/18,"3,304.50"
2007/4/19,"3,150.30"
2007/4/20,"3,289.28"
2007/4/23,"3,431.32"
2007/4/24,"3,445.20"
2007/4/25,"3,448.28"
2007/4/26,"3,493.58"
2007/4/27,"3,470.52"
2007/4/30,"3,558.71"
2007/5/8,"3,686.03"
2007/5/9,"3,701.28"
2007/5/10,"3,724.51"
2007/5/11,"3,702.61"
2007/5/14,"3,734.42"
2007/5/15,"3,604.64"
2007/5/16,"3,700.29"
2007/5/17,"3,778.61"
2007/5/18,"3,776.63"
2007/5/21,"3,831.44"
2007/5/22,"3,870.49"
2007/5/23,"3,938.95"
2007/5/24,"3,919.75"
2007/5/25,"3,985.25"
2007/5/28,"4,072.58"
2007/5/29,"4,168.29"
2007/5/30,"3,886.46"
2007/5/31,"3,927.95"
2007/6/1,"3,803.95"
2007/6/4,"3,511.43"
2007/6/5,"3,634.63"
2007/6/6,"3,677.58"
2007/6/7,"3,802.30"
2007/6/8,"3,837.87"
2007/6/11,"3,931.86"
2007/6/12,"4,036.11"
2007/6/13,"4,118.27"
2007/6/14,"4,075.82"
2007/6/15,"4,099.38"
2007/6/18,"4,227.57"
2007/6/19,"4,253.00"
2007/6/20,"4,157.60"
2007/6/21,"4,197.28"
2007/6/22,"4,051.43"
2007/6/25,"3,877.59"
2007/6/26,"3,928.21"
2007/6/27,"4,040.48"
2007/6/28,"3,858.52"
2007/6/29,"3,764.08"
2007/7/2,"3,757.66"
2007/7/3,"3,832.23"
2007/7/4,"3,743.58"
2007/7/5,"3,537.44"
2007/7/6,"3,710.28"
2007/7/9,"3,821.30"
2007/7/10,"3,775.62"
2007/7/11,"3,789.87"
2007/7/12,"3,816.92"
2007/7/13,"3,820.12"
2007/7/16,"3,697.97"
2007/7/17,"3,789.65"
2007/7/18,"3,807.57"
2007/7/19,"3,807.00"
2007/7/20,"3,971.88"
2007/7/23,"4,156.72"
2007/7/24,"4,161.35"
2007/7/25,"4,255.46"
2007/7/26,"4,303.19"
2007/7/27,"4,307.14"
2007/7/30,"4,410.30"
2007/7/31,"4,460.56"
2007/8/1,"4,290.48"
2007/8/2,"4,436.19"
2007/8/3,"4,598.38"
2007/8/6,"4,703.98"
2007/8/7,"4,724.55"
2007/8/8,"4,668.09"
2007/8/9,"4,777.29"
2007/8/10,"4,726.68"
2007/8/13,"4,721.19"
2007/8/14,"4,795.57"
2007/8/15,"4,798.75"
2007/8/16,"4,721.94"
2007/8/17,"4,626.58"
2007/8/20,"4,885.43"
2007/8/21,"4,972.71"
2007/8/22,"5,051.69"
2007/8/23,"5,135.93"
2007/8/24,"5,217.58"
2007/8/27,"5,243.15"
2007/8/28,"5,251.77"
2007/8/29,"5,171.82"
2007/8/30,"5,241.23"
2007/8/31,"5,296.81"
2007/9/3,"5,419.17"
2007/9/4,"5,360.33"
2007/9/5,"5,363.25"
2007/9/6,"5,412.04"
2007/9/7,"5,294.80"
2007/9/10,"5,377.22"
2007/9/11,"5,124.09"
2007/9/12,"5,202.86"
2007/9/13,"5,349.97"
2007/9/14,"5,397.28"
2007/9/17,"5,498.91"
2007/9/18,"5,476.84"
2007/9/19,"5,419.27"
2007/9/20,"5,494.92"
2007/9/21,"5,468.10"
2007/9/24,"5,513.90"
2007/9/25,"5,454.62"
2007/9/26,"5,361.02"
2007/9/27,"5,427.66"
2007/9/28,"5,580.81"
2007/10/8,"5,653.14"
2007/10/9,"5,675.93"
2007/10/10,"5,685.76"
2007/10/11,"5,760.08"
2007/10/12,"5,737.22"
2007/10/15,"5,821.45"
2007/10/16,"5,877.20"
2007/10/17,"5,824.12"
2007/10/18,"5,615.75"
2007/10/19,"5,614.06"
2007/10/22,"5,472.68"
2007/10/23,"5,540.09"
2007/10/24,"5,588.01"
2007/10/25,"5,333.79"
2007/10/26,"5,394.81"
2007/10/29,"5,508.36"
2007/10/30,"5,596.07"
2007/10/31,"5,688.54"
2007/11/1,"5,605.23"
2007/11/2,"5,472.93"
2007/11/5,"5,360.31"
2007/11/6,"5,317.55"
2007/11/7,"5,350.63"
2007/11/8,"5,093.67"
2007/11/9,"5,040.53"
2007/11/12,"4,978.25"
2007/11/13,"4,939.24"
2007/11/14,"5,145.89"
2007/11/15,"5,081.11"
2007/11/16,"5,007.66"
2007/11/19,"4,994.42"
2007/11/20,"5,069.38"
2007/11/21,"4,997.62"
2007/11/22,"4,772.62"
2007/11/23,"4,856.16"
2007/11/26,"4,800.08"
2007/11/27,"4,711.15"
2007/11/28,"4,648.75"
2007/11/29,"4,842.07"
2007/11/30,"4,737.41"
2007/12/3,"4,772.67"
2007/12/4,"4,829.21"
2007/12/5,"4,965.95"
2007/12/6,"4,971.06"
2007/12/7,"5,041.35"
2007/12/10,"5,133.56"
2007/12/11,"5,140.00"
2007/12/12,"5,077.39"
2007/12/13,"4,884.30"
2007/12/14,"4,977.65"
2007/12/17,"4,857.29"
2007/12/18,"4,829.91"
2007/12/19,"4,946.29"
2007/12/20,"5,037.20"
2007/12/21,"5,101.85"
2007/12/24,"5,207.13"
2007/12/25,"5,216.81"
2007/12/26,"5,265.03"
2007/12/27,"5,367.53"
2007/12/28,"5,338.28"
2008/1/2,"5,385.10"
2008/1/3,"5,422.03"
2008/1/4,"5,483.65"
2008/1/7,"5,556.59"
2008/1/8,"5,528.05"
2008/1/9,"5,613.76"
2008/1/10,"5,672.15"
2008/1/11,"5,699.15"
2008/1/14,"5,731.76"
2008/1/15,"5,696.45"
2008/1/16,"5,505.72"
2008/1/17,"5,365.62"
2008/1/18,"5,414.47"
2008/1/21,"5,145.73"
2008/1/22,"4,753.87"
2008/1/23,"4,975.11"
2008/1/24,"5,027.21"
2008/1/25,"5,077.43"
2008/1/28,"4,731.88"
2008/1/29,"4,762.08"
2008/1/30,"4,710.65"
2008/1/31,"4,620.40"
2008/2/1,"4,571.95"
2008/2/4,"4,950.12"
2008/2/5,"4,921.83"
2008/2/13,"4,816.08"
2008/2/14,"4,880.25"
2008/2/15,"4,813.31"
2008/2/18,"4,910.99"
2008/2/19,"5,020.75"
2008/2/20,"4,908.72"
2008/2/21,"4,876.03"
2008/2/22,"4,702.24"
2008/2/25,"4,519.78"
2008/2/26,"4,515.53"
2008/2/27,"4,639.77"
2008/2/28,"4,622.06"
2008/2/29,"4,674.55"
2008/3/3,"4,790.74"
2008/3/4,"4,671.15"
2008/3/5,"4,628.72"
2008/3/6,"4,685.03"
2008/3/7,"4,621.69"
2008/3/10,"4,431.59"
2008/3/11,"4,441.18"
2008/3/12,"4,309.65"
2008/3/13,"4,198.96"
2008/3/14,"4,157.87"
2008/3/17,"3,965.28"
2008/3/18,"3,763.95"
2008/3/19,"3,888.86"
2008/3/20,"4,001.83"
2008/3/21,"4,037.83"
2008/3/24,"3,857.09"
2008/3/25,"3,905.77"
2008/3/26,"3,914.37"
2008/3/27,"3,748.92"
2008/3/28,"3,918.16"
2008/3/31,"3,790.53"
2008/4/1,"3,582.86"
2008/4/2,"3,547.98"
2008/4/3,"3,650.70"
2008/4/7,"3,845.82"
2008/4/8,"3,891.06"
2008/4/9,"3,688.13"
2008/4/10,"3,754.72"
2008/4/11,"3,783.73"
2008/4/14,"3,536.33"
2008/4/15,"3,583.30"
2008/4/16,"3,494.02"
2008/4/17,"3,386.63"
2008/4/18,"3,272.50"
2008/4/21,"3,267.55"
2008/4/22,"3,296.28"
2008/4/23,"3,453.73"
2008/4/24,"3,774.50"
2008/4/25,"3,803.07"
2008/4/28,"3,729.15"
2008/4/29,"3,776.94"
2008/4/30,"3,959.12"
2008/5/5,"4,055.78"
2008/5/6,"4,010.89"
2008/5/7,"3,821.32"
2008/5/8,"3,925.04"
2008/5/9,"3,878.92"
2008/5/12,"3,904.92"
2008/5/13,"3,851.69"
2008/5/14,"3,975.78"
2008/5/15,"3,948.09"
2008/5/16,"3,936.12"
2008/5/19,"3,914.07"
2008/5/20,"3,710.82"
2008/5/21,"3,783.05"
2008/5/22,"3,711.44"
2008/5/23,"3,675.15"
2008/5/26,"3,559.22"
2008/5/27,"3,576.20"
2008/5/28,"3,676.23"
2008/5/29,"3,580.87"
2008/5/30,"3,611.33"
2008/6/2,"3,625.83"
2008/6/3,"3,614.11"
2008/6/4,"3,546.92"
2008/6/5,"3,512.14"
2008/6/6,"3,489.50"
2008/6/10,"3,206.56"
2008/6/11,"3,140.30"
2008/6/12,"3,084.63"
2008/6/13,"2,979.12"
2008/6/16,"2,952.24"
2008/6/17,"2,842.68"
2008/6/18,"2,991.27"
2008/6/19,"2,773.08"
2008/6/20,"2,849.67"
2008/6/23,"2,789.94"
2008/6/24,"2,851.92"
2008/6/25,"2,969.54"
2008/6/26,"2,980.91"
2008/6/27,"2,816.02"
2008/6/30,"2,791.82"
2008/7/1,"2,698.35"
2008/7/2,"2,699.60"
2008/7/3,"2,760.61"
2008/7/4,"2,741.85"
2008/7/7,"2,882.76"
2008/7/8,"2,901.84"
2008/7/9,"3,015.13"
2008/7/10,"2,973.73"
2008/7/11,"2,953.50"
2008/7/14,"2,975.87"
2008/7/15,"2,852.98"
2008/7/16,"2,745.60"
2008/7/17,"2,718.07"
2008/7/18,"2,815.46"
2008/7/21,"2,911.05"
2008/7/22,"2,904.74"
2008/7/23,"2,883.32"
2008/7/24,"2,977.36"
2008/7/25,"2,939.20"
2008/7/28,"2,960.85"
2008/7/29,"2,905.63"
2008/7/30,"2,884.38"
2008/7/31,"2,805.21"
2008/8/1,"2,840.79"
2008/8/4,"2,773.15"
2008/8/5,"2,703.08"
2008/8/6,"2,721.69"
2008/8/7,"2,720.44"
2008/8/8,"2,591.46"
2008/8/11,"2,456.81"
2008/8/12,"2,444.16"
2008/8/13,"2,444.67"
2008/8/14,"2,443.51"
2008/8/15,"2,447.62"
2008/8/18,"2,313.40"
2008/8/19,"2,348.47"
2008/8/20,"2,532.94"
2008/8/21,"2,443.98"
2008/8/22,"2,404.93"
2008/8/25,"2,400.55"
2008/8/26,"2,331.53"
2008/8/27,"2,325.29"
2008/8/28,"2,335.87"
2008/8/29,"2,391.64"
2008/9/1,"2,309.17"
2008/9/2,"2,285.41"
2008/9/3,"2,245.96"
2008/9/4,"2,251.15"
2008/9/5,"2,183.43"
2008/9/8,"2,126.52"
2008/9/9,"2,139.15"
2008/9/10,"2,143.18"
2008/9/11,"2,072.13"
2008/9/12,"2,077.85"
2008/9/16,"2,000.65"
2008/9/17,"1,929.14"
2008/9/18,"1,895.99"
2008/9/19,"2,073.11"
2008/9/22,"2,207.61"
2008/9/23,"2,123.48"
2008/9/24,"2,138.85"
2008/9/25,"2,223.53"
2008/9/26,"2,243.66"
2008/10/6,"2,128.70"
2008/10/7,"2,102.45"
2008/10/8,"2,022.88"
2008/10/9,"1,995.30"
2008/10/10,"1,906.96"
2008/10/13,"1,985.49"
2008/10/14,"1,934.62"
2008/10/15,"1,914.36"
2008/10/16,"1,820.90"
2008/10/17,"1,833.26"
2008/10/20,"1,896.73"
2008/10/21,"1,881.41"
2008/10/22,"1,833.32"
2008/10/23,"1,834.78"
2008/10/24,"1,781.60"
2008/10/27,"1,654.67"
2008/10/28,"1,705.82"
2008/10/29,"1,658.22"
2008/10/30,"1,697.66"
2008/10/31,"1,663.66"
2008/11/3,"1,653.54"
2008/11/4,"1,627.76"
2008/11/5,"1,691.42"
2008/11/6,"1,649.78"
2008/11/7,"1,677.83"
2008/11/10,"1,801.67"
2008/11/11,"1,781.36"
2008/11/12,"1,801.82"
2008/11/13,"1,874.08"
2008/11/14,"1,943.65"
2008/11/17,"1,987.23"
2008/11/18,"1,839.82"
2008/11/19,"1,953.16"
2008/11/20,"1,932.43"
2008/11/21,"1,920.74"
2008/11/24,"1,837.64"
2008/11/25,"1,834.29"
2008/11/26,"1,843.50"
2008/11/27,"1,870.47"
2008/11/28,"1,829.92"
2008/12/1,"1,864.21"
2008/12/2,"1,868.63"
2008/12/3,"1,952.67"
2008/12/4,"1,982.93"
2008/12/5,"2,013.18"
2008/12/8,"2,095.04"
2008/12/9,"2,040.85"
2008/12/10,"2,096.39"
2008/12/11,"2,046.34"
2008/12/12,"1,960.38"
2008/12/15,"1,975.03"
2008/12/16,"1,994.45"
2008/12/17,"2,001.42"
2008/12/18,"2,045.10"
2008/12/19,"2,052.11"
2008/12/22,"2,017.55"
2008/12/23,"1,918.96"
2008/12/24,"1,887.08"
2008/12/25,"1,870.77"
2008/12/26,"1,862.10"
2008/12/29,"1,854.76"
2008/12/30,"1,833.44"
2008/12/31,"1,817.72"
2009/1/5,"1,882.96"
2009/1/6,"1,942.80"
2009/1/7,"1,931.18"
2009/1/8,"1,887.99"
2009/1/9,"1,918.37"
2009/1/12,"1,920.69"
2009/1/13,"1,876.19"
2009/1/14,"1,955.24"
2009/1/15,"1,954.87"
2009/1/16,"1,990.21"
2009/1/19,"2,012.47"
2009/1/20,"2,025.19"
2009/1/21,"2,021.71"
2009/1/22,"2,044.55"
2009/1/23,"2,032.68"
2009/2/2,"2,057.06"
2009/2/3,"2,108.91"
2009/2/4,"2,166.41"
2009/2/5,"2,150.97"
2009/2/6,"2,237.28"
2009/2/9,"2,296.67"
2009/2/10,"2,326.76"
2009/2/11,"2,331.14"
2009/2/12,"2,318.34"
2009/2/13,"2,399.07"
2009/2/16,"2,462.25"
2009/2/17,"2,385.29"
2009/2/18,"2,275.84"
2009/2/19,"2,298.41"
2009/2/20,"2,344.32"
2009/2/23,"2,410.48"
2009/2/24,"2,301.85"
2009/2/25,"2,304.25"
2009/2/26,"2,190.19"
2009/2/27,"2,140.49"
2009/3/2,"2,164.67"
2009/3/3,"2,142.15"
2009/3/4,"2,285.15"
2009/3/5,"2,304.92"
2009/3/6,"2,286.58"
2009/3/9,"2,202.53"
2009/3/10,"2,240.78"
2009/3/11,"2,220.38"
2009/3/12,"2,215.70"
2009/3/13,"2,205.42"
2009/3/16,"2,241.61"
2009/3/17,"2,322.40"
2009/3/18,"2,332.65"
2009/3/19,"2,382.56"
2009/3/20,"2,379.84"
2009/3/23,"2,439.40"
2009/3/24,"2,451.78"
2009/3/25,"2,401.33"
2009/3/26,"2,479.79"
2009/3/27,"2,498.93"
2009/3/30,"2,484.49"
2009/3/31,"2,507.79"
2009/4/1,"2,548.22"
2009/4/2,"2,576.40"
2009/4/3,"2,570.50"
2009/4/7,"2,576.95"
2009/4/8,"2,479.35"
2009/4/9,"2,517.67"
2009/4/10,"2,595.53"
2009/4/13,"2,656.52"
2009/4/14,"2,676.87"
2009/4/15,"2,686.99"
2009/4/16,"2,687.11"
2009/4/17,"2,650.69"
2009/4/20,"2,707.67"
2009/4/21,"2,675.44"
2009/4/22,"2,576.28"
2009/4/23,"2,593.56"
2009/4/24,"2,572.89"
2009/4/27,"2,513.29"
2009/4/28,"2,518.53"
2009/4/29,"2,605.37"
2009/4/30,"2,622.93"
2009/5/4,"2,714.30"
2009/5/5,"2,727.01"
2009/5/6,"2,764.98"
2009/5/7,"2,767.08"
2009/5/8,"2,789.22"
2009/5/11,"2,725.32"
2009/5/12,"2,788.56"
2009/5/13,"2,814.01"
2009/5/14,"2,792.60"
2009/5/15,"2,796.12"
2009/5/18,"2,810.57"
2009/5/19,"2,840.08"
2009/5/20,"2,812.87"
2009/5/21,"2,750.01"
2009/5/22,"2,740.68"
2009/5/25,"2,752.72"
2009/5/26,"2,719.76"
2009/5/27,"2,759.71"
2009/6/1,"2,858.34"
2009/6/2,"2,865.10"
2009/6/3,"2,939.39"
2009/6/4,"2,953.75"
2009/6/5,"2,939.31"
2009/6/8,"2,948.48"
2009/6/9,"2,960.56"
2009/6/10,"2,989.60"
2009/6/11,"2,961.63"
2009/6/12,"2,906.29"
2009/6/15,"2,966.19"
2009/6/16,"2,961.22"
2009/6/17,"3,010.59"
2009/6/18,"3,057.43"
2009/6/19,"3,080.00"
2009/6/22,"3,082.56"
2009/6/23,"3,083.90"
2009/6/24,"3,120.73"
2009/6/25,"3,117.92"
2009/6/26,"3,128.42"
2009/6/29,"3,179.97"
2009/6/30,"3,166.47"
2009/7/1,"3,237.90"
2009/7/2,"3,282.36"
2009/7/3,"3,327.14"
2009/7/6,"3,374.75"
2009/7/7,"3,340.49"
2009/7/8,"3,352.27"
2009/7/9,"3,396.30"
2009/7/10,"3,398.31"
2009/7/13,"3,361.01"
2009/7/14,"3,454.75"
2009/7/15,"3,493.31"
2009/7/16,"3,501.24"
2009/7/17,"3,519.81"
2009/7/20,"3,591.12"
2009/7/21,"3,539.83"
2009/7/22,"3,606.92"
2009/7/23,"3,651.97"
2009/7/24,"3,667.56"
2009/7/27,"3,743.63"
2009/7/28,"3,755.82"
2009/7/29,"3,558.51"
2009/7/30,"3,634.82"
2009/7/31,"3,734.62"
2009/8/3,"3,787.03"
2009/8/4,"3,786.62"
2009/8/5,"3,740.94"
2009/8/6,"3,663.12"
2009/8/7,"3,555.10"
2009/8/10,"3,544.54"
2009/8/11,"3,556.38"
2009/8/12,"3,397.40"
2009/8/13,"3,440.82"
2009/8/14,"3,344.46"
2009/8/17,"3,140.27"
2009/8/18,"3,171.99"
2009/8/19,"3,014.57"
2009/8/20,"3,144.39"
2009/8/21,"3,203.62"
2009/8/24,"3,229.60"
2009/8/25,"3,109.83"
2009/8/26,"3,172.39"
2009/8/27,"3,156.30"
2009/8/28,"3,046.78"
2009/8/31,"2,830.27"
2009/9/1,"2,843.70"
2009/9/2,"2,890.93"
2009/9/3,"3,051.96"
2009/9/4,"3,077.14"
2009/9/7,"3,104.21"
2009/9/8,"3,170.97"
2009/9/9,"3,194.91"
2009/9/10,"3,162.91"
2009/9/11,"3,238.13"
2009/9/14,"3,293.39"
2009/9/15,"3,302.64"
2009/9/16,"3,258.24"
2009/9/17,"3,320.10"
2009/9/18,"3,199.69"
2009/9/21,"3,208.60"
2009/9/22,"3,131.03"
2009/9/23,"3,060.07"
2009/9/24,"3,080.93"
2009/9/25,"3,058.53"
2009/9/28,"2,972.64"
2009/9/29,"2,972.29"
2009/9/30,"3,004.81"
2009/10/9,"3,163.71"
2009/10/12,"3,151.63"
2009/10/13,"3,198.52"
2009/10/14,"3,227.40"
2009/10/15,"3,239.64"
2009/10/16,"3,241.71"
2009/10/19,"3,329.16"
2009/10/20,"3,377.57"
2009/10/21,"3,369.29"
2009/10/22,"3,347.32"
2009/10/23,"3,413.25"
2009/10/26,"3,414.24"
2009/10/27,"3,314.72"
2009/10/28,"3,329.33"
2009/10/29,"3,247.05"
2009/10/30,"3,280.37"
2009/11/2,"3,392.80"
2009/11/3,"3,435.43"
2009/11/4,"3,453.89"
2009/11/5,"3,464.32"
2009/11/6,"3,483.02"
2009/11/9,"3,495.79"
2009/11/10,"3,503.78"
2009/11/11,"3,495.67"
2009/11/12,"3,499.99"
2009/11/13,"3,518.72"
2009/11/16,"3,625.80"
2009/11/17,"3,628.35"
2009/11/18,"3,630.23"
2009/11/19,"3,642.44"
2009/11/20,"3,631.01"
2009/11/23,"3,665.51"
2009/11/24,"3,548.08"
2009/11/25,"3,629.63"
2009/11/26,"3,485.77"
2009/11/27,"3,382.51"
2009/11/30,"3,511.67"
2009/12/1,"3,560.83"
2009/12/2,"3,597.33"
2009/12/3,"3,590.88"
2009/12/4,"3,643.49"
2009/12/7,"3,668.83"
2009/12/8,"3,624.02"
2009/12/9,"3,554.48"
2009/12/10,"3,577.24"
2009/12/11,"3,575.02"
2009/12/14,"3,612.75"
2009/12/15,"3,583.34"
2009/12/16,"3,560.72"
2009/12/17,"3,480.15"
2009/12/18,"3,391.74"
2009/12/21,"3,396.62"
2009/12/22,"3,305.54"
2009/12/23,"3,336.48"
2009/12/24,"3,438.82"
2009/12/25,"3,424.78"
2009/12/28,"3,478.43"
2009/12/29,"3,500.74"
2009/12/30,"3,558.86"
2009/12/31,"3,575.68"
2010/1/4,"3,535.23"
2010/1/5,"3,564.04"
2010/1/6,"3,541.73"
2010/1/7,"3,471.46"
2010/1/8,"3,480.13"
2010/1/11,"3,482.05"
2010/1/12,"3,534.92"
2010/1/13,"3,421.14"
2010/1/14,"3,469.05"
2010/1/15,"3,482.74"
2010/1/18,"3,500.68"
2010/1/19,"3,507.48"
2010/1/20,"3,394.43"
2010/1/21,"3,408.57"
2010/1/22,"3,366.20"
2010/1/25,"3,328.01"
2010/1/26,"3,242.80"
2010/1/27,"3,198.57"
2010/1/28,"3,206.57"
2010/1/29,"3,204.16"
2010/2/1,"3,152.71"
2010/2/2,"3,146.19"
2010/2/3,"3,230.72"
2010/2/4,"3,218.80"
2010/2/5,"3,153.09"
2010/2/8,"3,150.99"
2010/2/9,"3,169.19"
2010/2/10,"3,214.13"
2010/2/11,"3,220.40"
2010/2/12,"3,251.28"
2010/2/22,"3,233.35"
2010/2/23,"3,198.63"
2010/2/24,"3,244.48"
2010/2/25,"3,292.13"
2010/2/26,"3,281.67"
2010/3/1,"3,324.42"
2010/3/2,"3,311.24"
2010/3/3,"3,335.08"
2010/3/4,"3,250.57"
2010/3/5,"3,259.76"
2010/3/8,"3,286.18"
2010/3/9,"3,305.86"
2010/3/10,"3,279.69"
2010/3/11,"3,276.71"
2010/3/12,"3,233.13"
2010/3/15,"3,183.18"
2010/3/16,"3,203.97"
2010/3/17,"3,273.92"
2010/3/18,"3,267.56"
2010/3/19,"3,293.87"
2010/3/22,"3,302.63"
2010/3/23,"3,275.57"
2010/3/24,"3,276.67"
2010/3/25,"3,229.13"
2010/3/26,"3,275.00"
2010/3/29,"3,358.54"
2010/3/30,"3,366.71"
2010/3/31,"3,345.61"
2010/4/1,"3,391.94"
2010/4/2,"3,407.35"
2010/4/6,"3,405.15"
2010/4/7,"3,386.95"
2010/4/8,"3,346.74"
2010/4/9,"3,379.17"
2010/4/12,"3,351.48"
2010/4/13,"3,391.72"
2010/4/14,"3,403.71"
2010/4/15,"3,394.57"
2010/4/16,"3,356.33"
2010/4/19,"3,176.42"
2010/4/20,"3,173.37"
2010/4/21,"3,236.68"
2010/4/22,"3,201.54"
2010/4/23,"3,190.00"
2010/4/26,"3,172.00"
2010/4/27,"3,108.41"
2010/4/28,"3,097.35"
2010/4/29,"3,060.06"
2010/4/30,"3,067.37"
2010/5/4,"3,019.45"
2010/5/5,"3,036.39"
2010/5/6,"2,896.86"
2010/5/7,"2,836.79"
2010/5/10,"2,858.23"
2010/5/11,"2,800.82"
2010/5/12,"2,818.16"
2010/5/13,"2,886.91"
2010/5/14,"2,868.02"
2010/5/17,"2,714.72"
2010/5/18,"2,771.35"
2010/5/19,"2,762.17"
2010/5/20,"2,726.02"
2010/5/21,"2,768.79"
2010/5/24,"2,873.47"
2010/5/25,"2,813.94"
2010/5/26,"2,813.94"
2010/5/27,"2,859.98"
2010/5/28,"2,850.30"
2010/5/31,"2,773.26"
2010/6/1,"2,744.16"
2010/6/2,"2,757.53"
2010/6/3,"2,736.08"
2010/6/4,"2,744.39"
2010/6/7,"2,695.72"
2010/6/8,"2,699.34"
2010/6/9,"2,782.13"
2010/6/10,"2,750.02"
2010/6/11,"2,758.87"
2010/6/17,"2,742.73"
2010/6/18,"2,696.17"
2010/6/21,"2,780.66"
2010/6/22,"2,783.72"
2010/6/23,"2,758.50"
2010/6/24,"2,757.50"
2010/6/25,"2,736.29"
2010/6/28,"2,716.78"
2010/6/29,"2,592.02"
2010/6/30,"2,563.07"
2010/7/1,"2,526.07"
2010/7/2,"2,534.11"
2010/7/5,"2,512.65"
2010/7/6,"2,562.90"
2010/7/7,"2,580.48"
2010/7/8,"2,575.92"
2010/7/9,"2,647.10"
2010/7/12,"2,676.22"
2010/7/13,"2,634.59"
2010/7/14,"2,653.61"
2010/7/15,"2,608.52"
2010/7/16,"2,616.13"
2010/7/19,"2,682.47"
2010/7/20,"2,741.50"
2010/7/21,"2,747.34"
2010/7/22,"2,781.29"
2010/7/23,"2,793.08"
2010/7/26,"2,811.06"
2010/7/27,"2,795.72"
2010/7/28,"2,863.72"
2010/7/29,"2,877.98"
2010/7/30,"2,868.85"
2010/8/2,"2,917.28"
2010/8/3,"2,865.97"
2010/8/4,"2,876.43"
2010/8/5,"2,850.83"
2010/8/6,"2,897.66"
2010/8/9,"2,918.24"
2010/8/10,"2,832.64"
2010/8/11,"2,850.21"
2010/8/12,"2,816.39"
2010/8/13,"2,855.55"
2010/8/16,"2,922.08"
2010/8/17,"2,942.29"
2010/8/18,"2,937.36"
2010/8/19,"2,955.40"
2010/8/20,"2,898.33"
2010/8/23,"2,896.19"
2010/8/24,"2,911.83"
2010/8/25,"2,843.02"
2010/8/26,"2,850.09"
2010/8/27,"2,858.57"
2010/8/30,"2,915.01"
2010/8/31,"2,903.19"
2010/9/1,"2,884.04"
2010/9/2,"2,921.39"
2010/9/3,"2,920.21"
2010/9/6,"2,975.09"
2010/9/7,"2,983.11"
2010/9/8,"2,980.97"
2010/9/9,"2,926.46"
2010/9/10,"2,932.55"
2010/9/13,"2,962.32"
2010/9/14,"2,965.01"
2010/9/15,"2,913.19"
2010/9/16,"2,857.79"
2010/9/17,"2,861.37"
2010/9/20,"2,849.83"
2010/9/21,"2,857.48"
2010/9/27,"2,905.03"
2010/9/28,"2,880.91"
2010/9/29,"2,874.81"
2010/9/30,"2,935.57"
2010/10/8,"3,044.23"
2010/10/11,"3,132.90"
2010/10/12,"3,172.73"
2010/10/13,"3,217.58"
2010/10/14,"3,224.14"
2010/10/15,"3,327.68"
2010/10/18,"3,306.16"
2010/10/19,"3,375.67"
2010/10/20,"3,396.88"
2010/10/21,"3,374.69"
2010/10/22,"3,378.66"
2010/10/25,"3,481.08"
2010/10/26,"3,466.08"
2010/10/27,"3,403.87"
2010/10/28,"3,397.69"
2010/10/29,"3,379.98"
2010/11/1,"3,473.00"
2010/11/2,"3,463.13"
2010/11/3,"3,420.34"
2010/11/4,"3,480.51"
2010/11/5,"3,520.80"
2010/11/8,"3,548.57"
2010/11/9,"3,523.95"
2010/11/10,"3,499.11"
2010/11/11,"3,509.98"
2010/11/12,"3,291.83"
2010/11/15,"3,314.89"
2010/11/16,"3,169.54"
2010/11/17,"3,103.91"
2010/11/18,"3,147.96"
2010/11/19,"3,178.85"
2010/11/22,"3,171.94"
2010/11/23,"3,107.18"
2010/11/24,"3,177.04"
2010/11/25,"3,223.48"
2010/11/26,"3,194.85"
2010/11/29,"3,190.05"
2010/11/30,"3,136.99"
2010/12/1,"3,136.02"
2010/12/2,"3,155.06"
2010/12/3,"3,158.16"
2010/12/6,"3,165.57"
2010/12/7,"3,200.34"
2010/12/8,"3,171.88"
2010/12/9,"3,123.37"
2010/12/10,"3,161.98"
2010/12/13,"3,261.06"
2010/12/14,"3,269.47"
2010/12/15,"3,247.64"
2010/12/16,"3,230.67"
2010/12/17,"3,225.66"
2010/12/20,"3,178.66"
2010/12/21,"3,249.51"
2010/12/22,"3,215.45"
2010/12/23,"3,188.61"
2010/12/24,"3,162.96"
2010/12/27,"3,099.71"
2010/12/28,"3,044.93"
2010/12/29,"3,061.83"
2010/12/30,"3,064.10"
2010/12/31,"3,128.26"
2011/1/4,"3,189.68"
2011/1/5,"3,175.66"
2011/1/6,"3,159.64"
2011/1/7,"3,166.62"
2011/1/10,"3,108.19"
2011/1/11,"3,124.92"
2011/1/12,"3,142.34"
2011/1/13,"3,141.28"
2011/1/14,"3,091.86"
2011/1/17,"2,974.35"
2011/1/18,"2,977.65"
2011/1/19,"3,044.85"
2011/1/20,"2,944.71"
2011/1/21,"2,983.46"
2011/1/24,"2,954.23"
2011/1/25,"2,938.65"
2011/1/26,"2,978.43"
2011/1/27,"3,026.47"
2011/1/28,"3,036.74"
2011/1/31,"3,076.51"
2011/2/1,"3,077.28"
2011/2/9,"3,040.95"
2011/2/10,"3,104.16"
2011/2/11,"3,120.96"
2011/2/14,"3,219.14"
2011/2/15,"3,217.67"
2011/2/16,"3,248.53"
2011/2/17,"3,245.91"
2011/2/18,"3,211.88"
2011/2/21,"3,257.91"
2011/2/22,"3,163.58"
2011/2/23,"3,174.74"
2011/2/24,"3,190.94"
2011/2/25,"3,197.62"
2011/2/28,"3,239.56"
2011/3/1,"3,254.89"
2011/3/2,"3,243.30"
2011/3/3,"3,221.72"
2011/3/4,"3,270.67"
2011/3/7,"3,334.51"
2011/3/8,"3,337.46"
2011/3/9,"3,338.86"
2011/3/10,"3,280.26"
2011/3/11,"3,247.38"
2011/3/14,"3,262.92"
2011/3/15,"3,203.96"
2011/3/16,"3,248.20"
2011/3/17,"3,197.10"
2011/3/18,"3,215.69"
2011/3/21,"3,207.11"
2011/3/22,"3,222.96"
2011/3/23,"3,264.93"
2011/3/24,"3,251.36"
2011/3/25,"3,294.48"
2011/3/28,"3,290.57"
2011/3/29,"3,257.98"
2011/3/30,"3,256.08"
2011/3/31,"3,223.29"
2011/4/1,"3,272.73"
2011/4/6,"3,311.07"
2011/4/7,"3,324.42"
2011/4/8,"3,353.36"
2011/4/11,"3,333.43"
2011/4/12,"3,326.77"
2011/4/13,"3,372.03"
2011/4/14,"3,353.56"
2011/4/15,"3,358.94"
2011/4/18,"3,359.44"
2011/4/19,"3,295.81"
2011/4/20,"3,295.76"
2011/4/21,"3,317.37"
2011/4/22,"3,299.94"
2011/4/25,"3,249.57"
2011/4/26,"3,230.96"
2011/4/27,"3,209.50"
2011/4/28,"3,161.78"
2011/4/29,"3,192.72"
2011/5/3,"3,211.13"
2011/5/4,"3,129.03"
2011/5/5,"3,126.12"
2011/5/6,"3,121.40"
2011/5/9,"3,129.76"
2011/5/10,"3,153.22"
2011/5/11,"3,145.09"
2011/5/12,"3,101.60"
2011/5/13,"3,128.09"
2011/5/16,"3,100.46"
2011/5/17,"3,116.03"
2011/5/18,"3,139.38"
2011/5/19,"3,120.64"
2011/5/20,"3,121.60"
2011/5/23,"3,022.98"
2011/5/24,"3,026.22"
2011/5/25,"2,990.34"
2011/5/26,"2,978.38"
2011/5/27,"2,963.31"
2011/5/30,"2,954.51"
2011/5/31,"3,001.56"
2011/6/1,"3,004.17"
2011/6/2,"2,955.71"
2011/6/3,"2,986.35"
2011/6/7,"3,004.26"
2011/6/8,"3,008.65"
2011/6/9,"2,951.89"
2011/6/10,"2,961.93"
2011/6/13,"2,950.35"
2011/6/14,"2,993.56"
2011/6/15,"2,963.12"
2011/6/16,"2,917.58"
2011/6/17,"2,892.16"
2011/6/20,"2,874.90"
2011/6/21,"2,909.07"
2011/6/22,"2,908.58"
2011/6/23,"2,957.63"
2011/6/24,"3,027.47"
2011/6/27,"3,036.49"
2011/6/28,"3,041.73"
2011/6/29,"3,000.17"
2011/6/30,"3,044.09"
2011/7/1,"3,049.75"
2011/7/4,"3,121.98"
2011/7/5,"3,122.50"
2011/7/6,"3,113.71"
2011/7/7,"3,101.68"
2011/7/8,"3,109.18"
2011/7/11,"3,113.21"
2011/7/12,"3,056.91"
2011/7/13,"3,106.25"
2011/7/14,"3,115.75"
2011/7/15,"3,128.89"
2011/7/18,"3,122.60"
2011/7/19,"3,095.13"
2011/7/20,"3,091.57"
2011/7/21,"3,059.14"
2011/7/22,"3,067.99"
2011/7/25,"2,968.29"
2011/7/26,"2,977.77"
2011/7/27,"3,000.05"
2011/7/28,"2,981.00"
2011/7/29,"2,972.08"
2011/8/1,"2,977.72"
2011/8/2,"2,956.38"
2011/8/3,"2,954.87"
2011/8/4,"2,960.31"
2011/8/5,"2,897.42"
2011/8/8,"2,793.90"
2011/8/9,"2,798.19"
2011/8/10,"2,824.12"
2011/8/11,"2,866.92"
2011/8/12,"2,875.37"
2011/8/15,"2,917.88"
2011/8/16,"2,897.58"
2011/8/17,"2,886.01"
2011/8/18,"2,834.25"
2011/8/19,"2,807.66"
2011/8/22,"2,777.79"
2011/8/23,"2,821.00"
2011/8/24,"2,810.02"
2011/8/25,"2,903.84"
2011/8/26,"2,901.22"
2011/8/29,"2,852.81"
2011/8/30,"2,841.74"
2011/8/31,"2,846.78"
2011/9/1,"2,834.54"
2011/9/2,"2,803.85"
2011/9/5,"2,743.82"
2011/9/6,"2,723.30"
2011/9/7,"2,779.09"
2011/9/8,"2,756.11"
2011/9/9,"2,751.10"
2011/9/13,"2,720.28"
2011/9/14,"2,733.11"
2011/9/15,"2,729.05"
2011/9/16,"2,733.99"
2011/9/19,"2,679.27"
2011/9/20,"2,689.85"
2011/9/21,"2,771.01"
2011/9/22,"2,685.69"
2011/9/23,"2,669.48"
2011/9/26,"2,610.92"
2011/9/27,"2,637.88"
2011/9/28,"2,610.59"
2011/9/29,"2,588.19"
2011/9/30,"2,581.35"
2011/10/10,"2,557.08"
2011/10/11,"2,551.99"
2011/10/12,"2,644.76"
2011/10/13,"2,662.60"
2011/10/14,"2,653.78"
2011/10/17,"2,666.95"
2011/10/18,"2,592.21"
2011/10/19,"2,583.08"
2011/10/20,"2,520.53"
2011/10/21,"2,507.88"
2011/10/24,"2,576.67"
2011/10/25,"2,625.43"
2011/10/26,"2,651.65"
2011/10/27,"2,657.48"
2011/10/28,"2,709.02"
2011/10/31,"2,695.31"
2011/11/1,"2,697.53"
2011/11/2,"2,742.39"
2011/11/3,"2,744.30"
2011/11/4,"2,763.75"
2011/11/7,"2,736.25"
2011/11/8,"2,727.71"
2011/11/9,"2,751.65"
2011/11/10,"2,699.59"
2011/11/11,"2,695.00"
2011/11/14,"2,750.20"
2011/11/15,"2,744.68"
2011/11/16,"2,670.12"
2011/11/17,"2,662.02"
2011/11/18,"2,606.50"
2011/11/21,"2,609.69"
2011/11/22,"2,609.48"
2011/11/23,"2,584.01"
2011/11/24,"2,588.92"
2011/11/25,"2,569.97"
2011/11/28,"2,573.32"
2011/11/29,"2,608.57"
2011/11/30,"2,521.52"
2011/12/1,"2,583.61"
2011/12/2,"2,557.31"
2011/12/5,"2,521.39"
2011/12/6,"2,516.34"
2011/12/7,"2,528.23"
2011/12/8,"2,525.00"
2011/12/9,"2,503.46"
2011/12/12,"2,477.69"
2011/12/13,"2,421.93"
2011/12/14,"2,397.48"
2011/12/15,"2,340.79"
2011/12/16,"2,390.13"
2011/12/19,"2,384.41"
2011/12/20,"2,377.07"
2011/12/21,"2,339.11"
2011/12/22,"2,341.34"
2011/12/23,"2,359.16"
2011/12/26,"2,335.70"
2011/12/27,"2,305.04"
2011/12/28,"2,307.93"
2011/12/29,"2,311.36"
2011/12/30,"2,345.74"
2012/1/4,"2,298.75"
2012/1/5,"2,276.39"
2012/1/6,"2,290.60"
2012/1/9,"2,368.57"
2012/1/10,"2,447.35"
2012/1/11,"2,435.61"
2012/1/12,"2,435.22"
2012/1/13,"2,394.33"
2012/1/16,"2,345.65"
2012/1/17,"2,460.60"
2012/1/18,"2,422.19"
2012/1/19,"2,468.35"
2012/1/20,"2,504.09"
2012/1/30,"2,460.72"
2012/1/31,"2,464.26"
2012/2/1,"2,428.99"
2012/2/2,"2,486.24"
2012/2/3,"2,506.09"
2012/2/6,"2,504.32"
2012/2/7,"2,457.95"
2012/2/8,"2,528.24"
2012/2/9,"2,529.23"
2012/2/10,"2,533.62"
2012/2/13,"2,531.98"
2012/2/14,"2,522.11"
2012/2/15,"2,549.61"
2012/2/16,"2,536.07"
2012/2/17,"2,537.09"
2012/2/20,"2,540.71"
2012/2/21,"2,562.45"
2012/2/22,"2,597.48"
2012/2/23,"2,606.26"
2012/2/24,"2,648.02"
2012/2/27,"2,656.57"
2012/2/28,"2,662.46"
2012/2/29,"2,634.14"
2012/3/1,"2,633.35"
2012/3/2,"2,679.93"
2012/3/5,"2,662.70"
2012/3/6,"2,621.05"
2012/3/7,"2,603.01"
2012/3/8,"2,635.79"
2012/3/9,"2,664.30"
2012/3/12,"2,654.40"
2012/3/13,"2,681.07"
2012/3/14,"2,605.11"
2012/3/15,"2,585.55"
2012/3/16,"2,623.52"
2012/3/19,"2,630.01"
2012/3/20,"2,584.45"
2012/3/21,"2,587.79"
2012/3/22,"2,583.75"
2012/3/23,"2,552.94"
2012/3/26,"2,555.44"
2012/3/27,"2,547.14"
2012/3/28,"2,474.90"
2012/3/29,"2,443.12"
2012/3/30,"2,454.90"
2012/4/5,"2,512.83"
2012/4/6,"2,519.83"
2012/4/9,"2,495.15"
2012/4/10,"2,519.79"
2012/4/11,"2,520.04"
2012/4/12,"2,570.44"
2012/4/13,"2,580.45"
2012/4/16,"2,574.04"
2012/4/17,"2,541.88"
2012/4/18,"2,599.91"
2012/4/19,"2,596.06"
2012/4/20,"2,626.84"
2012/4/23,"2,606.04"
2012/4/24,"2,604.87"
2012/4/25,"2,625.99"
2012/4/26,"2,631.49"
2012/4/27,"2,626.16"
2012/5/2,"2,683.49"
2012/5/3,"2,691.52"
2012/5/4,"2,715.88"
2012/5/7,"2,717.78"
2012/5/8,"2,709.12"
2012/5/9,"2,657.51"
2012/5/10,"2,657.21"
2012/5/11,"2,636.92"
2012/5/14,"2,615.53"
2012/5/15,"2,617.37"
2012/5/16,"2,574.65"
2012/5/17,"2,613.94"
2012/5/18,"2,573.98"
2012/5/21,"2,587.23"
2012/5/22,"2,627.53"
2012/5/23,"2,616.87"
2012/5/24,"2,595.26"
2012/5/25,"2,573.10"
2012/5/28,"2,614.69"
2012/5/29,"2,650.85"
2012/5/30,"2,642.26"
2012/5/31,"2,632.04"
2012/6/1,"2,633.00"
2012/6/4,"2,559.03"
2012/6/5,"2,558.84"
2012/6/6,"2,557.40"
2012/6/7,"2,542.18"
2012/6/8,"2,524.33"
2012/6/11,"2,558.27"
2012/6/12,"2,540.18"
2012/6/13,"2,580.64"
2012/6/14,"2,560.42"
2012/6/15,"2,568.05"
2012/6/18,"2,581.21"
2012/6/19,"2,558.62"
2012/6/20,"2,552.61"
2012/6/21,"2,512.19"
2012/6/25,"2,456.52"
2012/6/26,"2,454.92"
2012/6/27,"2,447.20"
2012/6/28,"2,425.73"
2012/6/29,"2,461.61"
2012/7/2,"2,465.24"
2012/7/3,"2,468.72"
2012/7/4,"2,464.92"
2012/7/5,"2,430.37"
2012/7/6,"2,472.61"
2012/7/9,"2,416.04"
2012/7/10,"2,406.71"
2012/7/11,"2,425.57"
2012/7/12,"2,449.18"
2012/7/13,"2,450.63"
2012/7/16,"2,399.73"
2012/7/17,"2,414.20"
2012/7/18,"2,414.34"
2012/7/19,"2,424.32"
2012/7/20,"2,398.46"
2012/7/23,"2,365.43"
2012/7/24,"2,375.99"
2012/7/25,"2,360.08"
2012/7/26,"2,347.49"
2012/7/27,"2,349.11"
2012/7/30,"2,335.79"
2012/7/31,"2,332.92"
2012/8/1,"2,358.65"
2012/8/2,"2,334.88"
2012/8/3,"2,353.74"
2012/8/6,"2,385.61"
2012/8/7,"2,388.87"
2012/8/8,"2,389.80"
2012/8/9,"2,411.70"
2012/8/10,"2,399.75"
2012/8/13,"2,351.93"
2012/8/14,"2,357.02"
2012/8/15,"2,331.62"
2012/8/16,"2,319.67"
2012/8/17,"2,313.48"
2012/8/20,"2,301.79"
2012/8/21,"2,313.70"
2012/8/22,"2,295.59"
2012/8/23,"2,302.20"
2012/8/24,"2,275.68"
2012/8/27,"2,228.20"
2012/8/28,"2,238.41"
2012/8/29,"2,214.81"
2012/8/30,"2,211.37"
2012/8/31,"2,204.87"
2012/9/3,"2,228.37"
2012/9/4,"2,204.41"
2012/9/5,"2,199.88"
2012/9/6,"2,217.82"
2012/9/7,"2,317.18"
2012/9/10,"2,326.67"
2012/9/11,"2,311.89"
2012/9/12,"2,320.07"
2012/9/13,"2,298.46"
2012/9/14,"2,315.54"
2012/9/17,"2,258.71"
2012/9/18,"2,235.24"
2012/9/19,"2,246.24"
2012/9/20,"2,195.95"
2012/9/21,"2,199.06"
2012/9/24,"2,215.52"
2012/9/25,"2,210.15"
2012/9/26,"2,184.89"
2012/9/27,"2,251.72"
2012/9/28,"2,293.11"
2012/10/8,"2,270.05"
2012/10/9,"2,320.16"
2012/10/10,"2,324.12"
2012/10/11,"2,302.53"
2012/10/12,"2,304.53"
2012/10/15,"2,294.86"
2012/10/16,"2,298.16"
2012/10/17,"2,300.80"
2012/10/18,"2,336.08"
2012/10/19,"2,332.47"
2012/10/22,"2,341.59"
2012/10/23,"2,312.08"
2012/10/24,"2,307.78"
2012/10/25,"2,291.24"
2012/10/26,"2,247.91"
2012/10/29,"2,235.85"
2012/10/30,"2,239.88"
2012/10/31,"2,254.82"
2012/11/1,"2,297.88"
2012/11/2,"2,306.77"
2012/11/5,"2,301.88"
2012/11/6,"2,292.21"
2012/11/7,"2,287.51"
2012/11/8,"2,245.41"
2012/11/9,"2,240.92"
2012/11/12,"2,251.85"
2012/11/13,"2,212.44"
2012/11/14,"2,223.11"
2012/11/15,"2,193.62"
2012/11/16,"2,177.24"
2012/11/19,"2,174.99"
2012/11/20,"2,164.88"
2012/11/21,"2,194.90"
2012/11/22,"2,177.55"
2012/11/23,"2,192.68"
2012/11/26,"2,175.60"
2012/11/27,"2,150.64"
2012/11/28,"2,129.16"
2012/11/29,"2,115.68"
2012/11/30,"2,139.66"
2012/12/3,"2,108.85"
2012/12/4,"2,131.47"
2012/12/5,"2,207.88"
2012/12/6,"2,203.60"
2012/12/7,"2,246.76"
2012/12/10,"2,271.05"
2012/12/11,"2,258.50"
2012/12/12,"2,267.77"
2012/12/13,"2,242.64"
2012/12/14,"2,355.87"
2012/12/17,"2,366.70"
2012/12/18,"2,368.12"
2012/12/19,"2,371.11"
2012/12/20,"2,384.82"
2012/12/21,"2,372.00"
2012/12/24,"2,381.22"
2012/12/25,"2,448.40"
2012/12/26,"2,457.62"
2012/12/27,"2,444.59"
2012/12/28,"2,480.05"
2012/12/31,"2,522.95"
2013/1/4,"2,524.41"
2013/1/7,"2,535.99"
2013/1/8,"2,525.33"
2013/1/9,"2,526.13"
2013/1/10,"2,530.57"
2013/1/11,"2,483.23"
2013/1/14,"2,577.73"
2013/1/15,"2,595.86"
2013/1/16,"2,577.09"
2013/1/17,"2,552.76"
2013/1/18,"2,595.44"
2013/1/21,"2,610.90"
2013/1/22,"2,596.90"
2013/1/23,"2,607.46"
2013/1/24,"2,582.76"
2013/1/25,"2,571.67"
2013/1/28,"2,651.86"
2013/1/29,"2,675.87"
2013/1/30,"2,688.71"
2013/1/31,"2,686.88"
2013/2/1,"2,743.32"
2013/2/4,"2,748.03"
2013/2/5,"2,771.68"
2013/2/6,"2,775.84"
2013/2/7,"2,759.87"
2013/2/8,"2,771.73"
2013/2/18,"2,737.47"
2013/2/19,"2,685.61"
2013/2/20,"2,702.64"
2013/2/21,"2,610.55"
2013/2/22,"2,596.60"
2013/2/25,"2,604.96"
2013/2/26,"2,567.60"
2013/2/27,"2,594.68"
2013/2/28,"2,673.33"
2013/3/1,"2,668.84"
2013/3/4,"2,545.72"
2013/3/5,"2,622.81"
2013/3/6,"2,650.20"
2013/3/7,"2,619.48"
2013/3/8,"2,606.93"
2013/3/11,"2,592.37"
2013/3/12,"2,555.62"
2013/3/13,"2,527.49"
2013/3/14,"2,534.27"
2013/3/15,"2,539.87"
2013/3/18,"2,502.49"
2013/3/19,"2,525.10"
2013/3/20,"2,610.17"
2013/3/21,"2,614.99"
2013/3/22,"2,618.31"
2013/3/25,"2,613.10"
2013/3/26,"2,575.05"
2013/3/27,"2,583.53"
2013/3/28,"2,499.30"
2013/3/29,"2,495.08"
2013/4/1,"2,493.19"
2013/4/2,"2,486.39"
2013/4/3,"2,483.55"
2013/4/8,"2,472.30"
2013/4/9,"2,489.43"
2013/4/10,"2,485.31"
2013/4/11,"2,477.88"
2013/4/12,"2,462.11"
2013/4/15,"2,436.82"
2013/4/16,"2,459.59"
2013/4/17,"2,458.47"
2013/4/18,"2,464.85"
2013/4/19,"2,533.83"
2013/4/22,"2,530.67"
2013/4/23,"2,449.47"
2013/4/24,"2,495.58"
2013/4/25,"2,467.88"
2013/4/26,"2,447.31"
2013/5/2,"2,449.64"
2013/5/3,"2,492.91"
2013/5/6,"2,525.98"
2013/5/7,"2,529.94"
2013/5/8,"2,542.80"
2013/5/9,"2,527.79"
2013/5/10,"2,540.84"
2013/5/13,"2,530.77"
2013/5/14,"2,493.34"
2013/5/15,"2,506.93"
2013/5/16,"2,552.71"
2013/5/17,"2,592.05"
2013/5/20,"2,609.61"
2013/5/21,"2,614.85"
2013/5/22,"2,618.03"
2013/5/23,"2,582.85"
2013/5/24,"2,597.23"
2013/5/27,"2,599.59"
2013/5/28,"2,644.36"
2013/5/29,"2,642.56"
2013/5/30,"2,634.32"
2013/5/31,"2,606.43"
2013/6/3,"2,602.62"
2013/6/4,"2,565.67"
2013/6/5,"2,560.54"
2013/6/6,"2,527.85"
2013/6/7,"2,484.16"
2013/6/13,"2,399.94"
2013/6/14,"2,416.77"
2013/6/17,"2,403.84"
2013/6/18,"2,418.75"
2013/6/19,"2,400.77"
2013/6/20,"2,321.47"
2013/6/21,"2,317.39"
2013/6/24,"2,171.21"
2013/6/25,"2,165.42"
2013/6/26,"2,168.30"
2013/6/27,"2,160.74"
2013/6/28,"2,200.64"
2013/7/1,"2,213.32"
2013/7/2,"2,221.98"
2013/7/3,"2,203.83"
2013/7/4,"2,221.98"
2013/7/5,"2,226.85"
2013/7/8,"2,163.62"
2013/7/9,"2,162.67"
2013/7/10,"2,224.07"
2013/7/11,"2,326.69"
2013/7/12,"2,275.37"
2013/7/15,"2,307.30"
2013/7/16,"2,317.85"
2013/7/17,"2,282.84"
2013/7/18,"2,245.33"
2013/7/19,"2,190.48"
2013/7/22,"2,202.19"
2013/7/23,"2,265.85"
2013/7/24,"2,249.15"
2013/7/25,"2,237.68"
2013/7/26,"2,224.01"
2013/7/29,"2,175.97"
2013/7/30,"2,189.39"
2013/7/31,"2,193.02"
2013/8/1,"2,245.36"
2013/8/2,"2,247.26"
2013/8/5,"2,278.33"
2013/8/6,"2,293.64"
2013/8/7,"2,280.62"
2013/8/8,"2,276.78"
2013/8/9,"2,286.01"
2013/8/12,"2,352.79"
2013/8/13,"2,359.07"
2013/8/14,"2,349.08"
2013/8/15,"2,321.58"
2013/8/16,"2,304.14"
2013/8/19,"2,331.43"
2013/8/20,"2,312.47"
2013/8/21,"2,308.59"
2013/8/22,"2,303.93"
2013/8/23,"2,286.93"
2013/8/26,"2,335.62"
2013/8/27,"2,340.88"
2013/8/28,"2,328.06"
2013/8/29,"2,318.31"
2013/8/30,"2,313.91"
2013/9/2,"2,320.34"
2013/9/3,"2,354.50"
2013/9/4,"2,350.70"
2013/9/5,"2,341.74"
2013/9/6,"2,357.78"
2013/9/9,"2,440.61"
2013/9/10,"2,474.89"
2013/9/11,"2,482.89"
2013/9/12,"2,507.46"
2013/9/13,"2,488.90"
2013/9/16,"2,478.39"
2013/9/17,"2,427.32"
2013/9/18,"2,432.51"
2013/9/23,"2,472.29"
2013/9/24,"2,443.89"
2013/9/25,"2,429.03"
2013/9/26,"2,384.44"
2013/9/27,"2,394.97"
2013/9/30,"2,409.04"
2013/10/8,"2,441.81"
2013/10/9,"2,453.58"
2013/10/10,"2,429.32"
2013/10/11,"2,468.51"
2013/10/14,"2,472.54"
2013/10/15,"2,467.52"
2013/10/16,"2,421.37"
2013/10/17,"2,413.33"
2013/10/18,"2,426.05"
2013/10/21,"2,471.32"
2013/10/22,"2,445.89"
2013/10/23,"2,418.49"
2013/10/24,"2,400.51"
2013/10/25,"2,368.56"
2013/10/28,"2,365.95"
2013/10/29,"2,372.05"
2013/10/30,"2,407.47"
2013/10/31,"2,373.72"
2013/11/1,"2,384.96"
2013/11/4,"2,380.45"
2013/11/5,"2,383.77"
2013/11/6,"2,353.57"
2013/11/7,"2,340.55"
2013/11/8,"2,307.95"
2013/11/11,"2,315.89"
2013/11/12,"2,340.00"
2013/11/13,"2,288.12"
2013/11/14,"2,304.50"
2013/11/15,"2,350.73"
2013/11/18,"2,428.90"
2013/11/19,"2,412.16"
2013/11/20,"2,424.85"
2013/11/21,"2,409.99"
2013/11/22,"2,397.96"
2013/11/25,"2,388.63"
2013/11/26,"2,387.42"
2013/11/27,"2,414.48"
2013/11/28,"2,439.53"
2013/11/29,"2,438.94"
2013/12/2,"2,418.79"
2013/12/3,"2,442.78"
2013/12/4,"2,475.14"
2013/12/5,"2,468.20"
2013/12/6,"2,452.29"
2013/12/9,"2,450.87"
2013/12/10,"2,453.32"
2013/12/11,"2,412.76"
2013/12/12,"2,410.02"
2013/12/13,"2,406.64"
2013/12/16,"2,367.92"
2013/12/17,"2,356.38"
2013/12/18,"2,357.23"
2013/12/19,"2,332.41"
2013/12/20,"2,278.14"
2013/12/23,"2,284.60"
2013/12/24,"2,288.25"
2013/12/25,"2,305.11"
2013/12/26,"2,265.33"
2013/12/27,"2,303.48"
2013/12/30,"2,299.46"
2013/12/31,"2,330.03"
2014/1/2,"2,321.98"
2014/1/3,"2,290.78"
2014/1/6,"2,238.64"
2014/1/7,"2,238.00"
2014/1/8,"2,241.91"
2014/1/9,"2,222.22"
2014/1/10,"2,204.85"
2014/1/13,"2,193.68"
2014/1/14,"2,212.85"
2014/1/15,"2,208.94"
2014/1/16,"2,211.84"
2014/1/17,"2,178.49"
2014/1/20,"2,165.99"
2014/1/21,"2,187.41"
2014/1/22,"2,243.80"
2014/1/23,"2,231.89"
2014/1/24,"2,245.68"
2014/1/27,"2,215.92"
2014/1/28,"2,219.86"
2014/1/29,"2,227.78"
2014/1/30,"2,202.45"
2014/2/7,"2,212.48"
2014/2/10,"2,267.53"
2014/2/11,"2,285.56"
2014/2/12,"2,291.25"
2014/2/13,"2,279.55"
2014/2/14,"2,295.58"
2014/2/17,"2,311.65"
2014/2/18,"2,282.44"
2014/2/19,"2,308.66"
2014/2/20,"2,287.44"
2014/2/21,"2,264.29"
2014/2/24,"2,214.51"
2014/2/25,"2,157.91"
2014/2/26,"2,163.41"
2014/2/27,"2,154.11"
2014/2/28,"2,178.97"
2014/3/3,"2,190.37"
2014/3/4,"2,184.27"
2014/3/5,"2,163.98"
2014/3/6,"2,173.63"
2014/3/7,"2,168.36"
2014/3/10,"2,097.79"
2014/3/11,"2,108.66"
2014/3/12,"2,114.13"
2014/3/13,"2,140.33"
2014/3/14,"2,122.84"
2014/3/17,"2,143.04"
2014/3/18,"2,138.13"
2014/3/19,"2,120.87"
2014/3/20,"2,086.97"
2014/3/21,"2,158.80"
2014/3/24,"2,176.55"
2014/3/25,"2,174.44"
2014/3/26,"2,171.05"
2014/3/27,"2,155.71"
2014/3/28,"2,151.97"
2014/3/31,"2,146.31"
2014/4/1,"2,163.12"
2014/4/2,"2,180.73"
2014/4/3,"2,165.01"
2014/4/4,"2,185.47"
2014/4/8,"2,237.32"
2014/4/9,"2,238.62"
2014/4/10,"2,273.76"
2014/4/11,"2,270.67"
2014/4/14,"2,268.61"
2014/4/15,"2,229.46"
2014/4/16,"2,232.53"
2014/4/17,"2,224.80"
2014/4/18,"2,224.48"
2014/4/21,"2,187.25"
2014/4/22,"2,196.80"
2014/4/23,"2,194.67"
2014/4/24,"2,190.47"
2014/4/25,"2,167.83"
2014/4/28,"2,134.97"
2014/4/29,"2,158.47"
2014/4/30,"2,158.66"
2014/5/5,"2,156.47"
2014/5/6,"2,157.33"
2014/5/7,"2,137.32"
2014/5/8,"2,135.50"
2014/5/9,"2,133.91"
2014/5/12,"2,180.05"
2014/5/13,"2,174.85"
2014/5/14,"2,172.37"
2014/5/15,"2,144.08"
2014/5/16,"2,145.95"
2014/5/19,"2,115.14"
2014/5/20,"2,115.77"
2014/5/21,"2,135.91"
2014/5/22,"2,130.87"
2014/5/23,"2,148.41"
2014/5/26,"2,155.98"
2014/5/27,"2,147.28"
2014/5/28,"2,169.35"
2014/5/29,"2,155.16"
2014/5/30,"2,156.46"
2014/6/3,"2,149.92"
2014/6/4,"2,128.27"
2014/6/5,"2,150.60"
2014/6/6,"2,134.72"
2014/6/9,"2,134.28"
2014/6/10,"2,161.27"
2014/6/11,"2,160.77"
2014/6/12,"2,153.41"
2014/6/13,"2,176.24"
2014/6/16,"2,191.86"
2014/6/17,"2,169.67"
2014/6/18,"2,160.24"
2014/6/19,"2,126.91"
2014/6/20,"2,136.73"
2014/6/23,"2,134.11"
2014/6/24,"2,144.82"
2014/6/25,"2,133.37"
2014/6/26,"2,149.08"
2014/6/27,"2,150.26"
2014/6/30,"2,165.12"
2014/7/1,"2,164.56"
2014/7/2,"2,170.87"
2014/7/3,"2,180.19"
2014/7/4,"2,178.70"
2014/7/7,"2,176.29"
2014/7/8,"2,180.47"
2014/7/9,"2,148.71"
2014/7/10,"2,142.85"
2014/7/11,"2,148.01"
2014/7/14,"2,171.76"
2014/7/15,"2,174.98"
2014/7/16,"2,170.87"
2014/7/17,"2,157.07"
2014/7/18,"2,164.14"
2014/7/21,"2,166.30"
2014/7/22,"2,192.70"
2014/7/23,"2,197.83"
2014/7/24,"2,237.02"
2014/7/25,"2,260.45"
2014/7/28,"2,323.90"
2014/7/29,"2,331.37"
2014/7/30,"2,322.01"
2014/7/31,"2,350.25"
2014/8/1,"2,329.40"
2014/8/4,"2,375.62"
2014/8/5,"2,369.35"
2014/8/6,"2,363.22"
2014/8/7,"2,327.46"
2014/8/8,"2,331.13"
2014/8/11,"2,365.35"
2014/8/12,"2,357.05"
2014/8/13,"2,358.90"
2014/8/14,"2,335.95"
2014/8/15,"2,360.64"
2014/8/18,"2,374.56"
2014/8/19,"2,374.77"
2014/8/20,"2,366.14"
2014/8/21,"2,354.24"
2014/8/22,"2,365.36"
2014/8/25,"2,342.86"
2014/8/26,"2,324.09"
2014/8/27,"2,327.60"
2014/8/28,"2,311.28"
2014/8/29,"2,338.29"
2014/9/1,"2,355.32"
2014/9/2,"2,386.46"
2014/9/3,"2,408.84"
2014/9/4,"2,426.22"
2014/9/5,"2,449.26"
2014/9/9,"2,445.22"
2014/9/10,"2,432.43"
2014/9/11,"2,423.45"
2014/9/12,"2,438.36"
2014/9/15,"2,437.19"
2014/9/16,"2,388.77"
2014/9/17,"2,401.33"
2014/9/18,"2,408.66"
2014/9/19,"2,425.21"
2014/9/22,"2,378.92"
2014/9/23,"2,399.46"
2014/9/24,"2,441.86"
2014/9/25,"2,436.97"
2014/9/26,"2,437.20"
2014/9/29,"2,447.80"
2014/9/30,"2,450.99"
2014/10/8,"2,478.38"
2014/10/9,"2,481.96"
2014/10/10,"2,466.79"
2014/10/13,"2,454.95"
2014/10/14,"2,446.56"
2014/10/15,"2,463.87"
2014/10/16,"2,444.40"
2014/10/17,"2,441.73"
2014/10/20,"2,454.71"
2014/10/21,"2,433.39"
2014/10/22,"2,418.64"
2014/10/23,"2,395.94"
2014/10/24,"2,390.71"
2014/10/27,"2,368.83"
2014/10/28,"2,416.65"
2014/10/29,"2,451.38"
2014/10/30,"2,468.93"
2014/10/31,"2,508.33"
2014/11/3,"2,512.55"
2014/11/4,"2,513.17"
2014/11/5,"2,503.45"
2014/11/6,"2,506.07"
2014/11/7,"2,502.15"
2014/11/10,"2,565.73"
2014/11/11,"2,558.61"
2014/11/12,"2,594.32"
2014/11/13,"2,579.75"
2014/11/14,"2,581.09"
2014/11/17,"2,567.10"
2014/11/18,"2,541.42"
2014/11/19,"2,537.22"
2014/11/20,"2,537.10"
2014/11/21,"2,583.46"
2014/11/24,"2,649.26"
2014/11/25,"2,685.56"
2014/11/26,"2,723.02"
2014/11/27,"2,754.49"
2014/11/28,"2,808.82"
2014/12/1,"2,819.81"
2014/12/2,"2,923.94"
2014/12/3,"2,967.55"
2014/12/4,"3,104.35"
2014/12/5,"3,124.89"
2014/12/8,"3,252.88"
2014/12/9,"3,106.91"
2014/12/10,"3,221.55"
2014/12/11,"3,183.01"
2014/12/12,"3,193.23"
2014/12/15,"3,217.23"
2014/12/16,"3,303.40"
2014/12/17,"3,360.60"
2014/12/18,"3,345.93"
2014/12/19,"3,383.17"
2014/12/22,"3,394.48"
2014/12/23,"3,324.92"
2014/12/24,"3,230.39"
2014/12/25,"3,335.42"
2014/12/26,"3,445.84"
2014/12/29,"3,455.46"
2014/12/30,"3,457.55"
2014/12/31,"3,533.71"
2015/1/5,"3,641.54"
2015/1/6,"3,641.06"
2015/1/7,"3,643.79"
2015/1/8,"3,559.26"
2015/1/9,"3,546.72"
2015/1/12,"3,513.58"
2015/1/13,"3,514.04"
2015/1/14,"3,502.42"
2015/1/15,"3,604.12"
2015/1/16,"3,635.15"
2015/1/19,"3,355.16"
2015/1/20,"3,396.22"
2015/1/21,"3,548.89"
2015/1/22,"3,567.61"
2015/1/23,"3,571.73"
2015/1/26,"3,607.99"
2015/1/27,"3,574.93"
2015/1/28,"3,525.32"
2015/1/29,"3,481.80"
2015/1/30,"3,434.39"
2015/2/2,"3,353.96"
2015/2/3,"3,437.45"
2015/2/4,"3,401.77"
2015/2/5,"3,366.95"
2015/2/6,"3,312.42"
2015/2/9,"3,345.92"
2015/2/10,"3,406.94"
2015/2/11,"3,434.12"
2015/2/12,"3,442.87"
2015/2/13,"3,469.83"
2015/2/16,"3,499.48"
2015/2/17,"3,522.32"
2015/2/25,"3,478.73"
2015/2/26,"3,566.30"
2015/2/27,"3,572.84"
2015/3/2,"3,601.27"
2015/3/3,"3,507.90"
2015/3/4,"3,530.82"
2015/3/5,"3,496.34"
2015/3/6,"3,478.52"
2015/3/9,"3,537.75"
2015/3/10,"3,520.61"
2015/3/11,"3,524.65"
2015/3/12,"3,592.84"
2015/3/13,"3,617.66"
2015/3/16,"3,705.67"
2015/3/17,"3,757.12"
2015/3/18,"3,846.06"
2015/3/19,"3,839.74"
2015/3/20,"3,892.57"
2015/3/23,"3,972.06"
2015/3/24,"3,973.05"
2015/3/25,"3,940.41"
2015/3/26,"3,950.00"
2015/3/27,"3,971.70"
2015/3/30,"4,088.18"
2015/3/31,"4,051.20"
2015/4/1,"4,123.90"
2015/4/2,"4,124.78"
2015/4/3,"4,170.54"
2015/4/7,"4,260.04"
2015/4/8,"4,295.80"
2015/4/9,"4,262.14"
2015/4/10,"4,344.42"
2015/4/13,"4,421.07"
2015/4/14,"4,438.18"
2015/4/15,"4,380.51"
2015/4/16,"4,513.55"
2015/4/17,"4,596.14"
2015/4/20,"4,521.92"
2015/4/21,"4,619.16"
2015/4/22,"4,739.81"
2015/4/23,"4,740.89"
2015/4/24,"4,702.64"
2015/4/27,"4,807.59"
2015/4/28,"4,741.86"
2015/4/29,"4,774.33"
2015/4/30,"4,749.89"
2015/5/4,"4,787.74"
2015/5/5,"4,596.84"
2015/5/6,"4,553.33"
2015/5/7,"4,470.09"
2015/5/8,"4,558.40"
2015/5/11,"4,690.53"
2015/5/12,"4,747.42"
2015/5/13,"4,718.44"
2015/5/14,"4,700.78"
2015/5/15,"4,617.47"
2015/5/18,"4,575.14"
2015/5/19,"4,731.22"
2015/5/20,"4,754.92"
2015/5/21,"4,840.98"
2015/5/22,"4,951.34"
2015/5/25,"5,099.50"
2015/5/26,"5,198.92"
2015/5/27,"5,181.43"
2015/5/28,"4,834.01"
2015/5/29,"4,840.83"
2015/6/1,"5,076.18"
2015/6/2,"5,161.87"
2015/6/3,"5,143.59"
2015/6/4,"5,181.42"
2015/6/5,"5,230.55"
2015/6/8,"5,353.75"
2015/6/9,"5,317.46"
2015/6/10,"5,309.11"
2015/6/11,"5,306.59"
2015/6/12,"5,335.12"
2015/6/15,"5,221.17"
2015/6/16,"5,064.82"
2015/6/17,"5,138.83"
2015/6/18,"4,930.55"
2015/6/19,"4,637.05"
2015/6/23,"4,786.09"
2015/6/24,"4,880.13"
2015/6/25,"4,706.52"
2015/6/26,"4,336.20"
2015/6/29,"4,191.55"
2015/6/30,"4,473.00"
2015/7/1,"4,253.02"
2015/7/2,"4,108.00"
2015/7/3,"3,885.92"
2015/7/6,"3,998.54"
2015/7/7,"3,928.00"
2015/7/8,"3,663.04"
2015/7/9,"3,897.63"
2015/7/10,"4,106.56"
2015/7/13,"4,211.81"
2015/7/14,"4,112.15"
2015/7/15,"3,966.76"
2015/7/16,"3,997.36"
2015/7/17,"4,151.50"
2015/7/20,"4,160.61"
2015/7/21,"4,166.01"
2015/7/22,"4,157.16"
2015/7/23,"4,250.81"
2015/7/24,"4,176.28"
2015/7/27,"3,818.73"
2015/7/28,"3,811.09"
2015/7/29,"3,930.38"
2015/7/30,"3,815.41"
2015/7/31,"3,816.70"
2015/8/3,"3,829.24"
2015/8/4,"3,948.16"
2015/8/5,"3,866.90"
2015/8/6,"3,831.85"
2015/8/7,"3,906.95"
2015/8/10,"4,084.37"
2015/8/11,"4,066.67"
2015/8/12,"4,016.13"
2015/8/13,"4,075.46"
2015/8/14,"4,073.54"
2015/8/17,"4,077.87"
2015/8/18,"3,825.41"
2015/8/19,"3,886.14"
2015/8/20,"3,761.45"
2015/8/21,"3,589.54"
2015/8/24,"3,275.53"
2015/8/25,"3,042.93"
2015/8/26,"3,025.69"
2015/8/27,"3,205.64"
2015/8/28,"3,342.29"
2015/8/31,"3,366.54"
2015/9/1,"3,362.08"
2015/9/2,"3,365.83"
2015/9/7,"3,250.49"
2015/9/8,"3,334.02"
2015/9/9,"3,399.31"
2015/9/10,"3,357.56"
2015/9/11,"3,347.19"
2015/9/14,"3,281.13"
2015/9/15,"3,152.23"
2015/9/16,"3,309.25"
2015/9/17,"3,237.00"
2015/9/18,"3,251.27"
2015/9/21,"3,308.25"
2015/9/22,"3,339.03"
2015/9/23,"3,263.03"
2015/9/24,"3,285.00"
2015/9/25,"3,231.95"
2015/9/28,"3,242.75"
2015/9/29,"3,178.85"
2015/9/30,"3,202.95"
2015/10/8,"3,296.48"
2015/10/9,"3,340.12"
2015/10/12,"3,447.69"
2015/10/13,"3,445.04"
2015/10/14,"3,406.11"
2015/10/15,"3,486.82"
2015/10/16,"3,534.07"
2015/10/19,"3,534.18"
2015/10/20,"3,577.70"
2015/10/21,"3,473.25"
2015/10/22,"3,524.53"
2015/10/23,"3,571.24"
2015/10/26,"3,589.26"
2015/10/27,"3,592.88"
2015/10/28,"3,524.92"
2015/10/29,"3,533.31"
2015/10/30,"3,534.08"
2015/11/2,"3,475.96"
2015/11/3,"3,465.49"
2015/11/4,"3,628.54"
2015/11/5,"3,705.97"
2015/11/6,"3,793.37"
2015/11/9,"3,840.36"
2015/11/10,"3,833.24"
2015/11/11,"3,833.65"
2015/11/12,"3,795.32"
2015/11/13,"3,746.24"
2015/11/16,"3,764.13"
2015/11/17,"3,758.39"
2015/11/18,"3,715.58"
2015/11/19,"3,774.97"
2015/11/20,"3,774.38"
2015/11/23,"3,753.34"
2015/11/24,"3,753.89"
2015/11/25,"3,781.61"
2015/11/26,"3,759.43"
2015/11/27,"3,556.99"
2015/11/30,"3,566.41"
2015/12/1,"3,591.70"
2015/12/2,"3,721.96"
2015/12/3,"3,749.30"
2015/12/4,"3,677.59"
2015/12/7,"3,687.61"
2015/12/8,"3,623.02"
2015/12/9,"3,635.94"
2015/12/10,"3,623.08"
2015/12/11,"3,608.06"
2015/12/14,"3,711.32"
2015/12/15,"3,694.39"
2015/12/16,"3,685.44"
2015/12/17,"3,755.89"
2015/12/18,"3,767.91"
2015/12/21,"3,865.97"
2015/12/22,"3,876.73"
2015/12/23,"3,866.38"
2015/12/24,"3,829.40"
2015/12/25,"3,838.20"
2015/12/28,"3,727.63"
2015/12/29,"3,761.88"
2015/12/30,"3,765.18"
2015/12/31,"3,731.01"
2016/1/4,"3,469.07"
2016/1/5,"3,478.78"
2016/1/6,"3,539.81"
2016/1/7,"3,294.38"
2016/1/8,"3,361.56"
2016/1/11,"3,192.45"
2016/1/12,"3,215.71"
2016/1/13,"3,155.88"
2016/1/14,"3,221.57"
2016/1/15,"3,118.73"
2016/1/18,"3,130.73"
2016/1/19,"3,223.13"
2016/1/20,"3,174.38"
2016/1/21,"3,081.35"
2016/1/22,"3,113.46"
2016/1/25,"3,128.89"
2016/1/26,"2,940.51"
2016/1/27,"2,930.35"
2016/1/28,"2,853.76"
2016/1/29,"2,946.09"
2016/2/1,"2,901.05"
2016/2/2,"2,961.33"
2016/2/3,"2,948.64"
2016/2/4,"2,984.76"
2016/2/5,"2,963.79"
2016/2/15,"2,946.71"
2016/2/16,"3,037.04"
2016/2/17,"3,063.32"
2016/2/18,"3,053.70"
2016/2/19,"3,051.59"
2016/2/22,"3,118.87"
2016/2/23,"3,089.36"
2016/2/24,"3,109.55"
2016/2/25,"2,918.75"
2016/2/26,"2,948.03"
2016/2/29,"2,877.47"
2016/3/1,"2,930.69"
2016/3/2,"3,051.33"
2016/3/3,"3,058.42"
2016/3/4,"3,093.89"
2016/3/7,"3,104.84"
2016/3/8,"3,107.67"
2016/3/9,"3,071.91"
2016/3/10,"3,013.15"
2016/3/11,"3,018.28"
2016/3/14,"3,065.69"
2016/3/15,"3,074.78"
2016/3/16,"3,090.03"
2016/3/17,"3,124.20"
2016/3/18,"3,171.96"
2016/3/21,"3,249.44"
2016/3/22,"3,225.79"
2016/3/23,"3,236.09"
2016/3/24,"3,181.85"
2016/3/25,"3,197.82"
2016/3/28,"3,169.73"
2016/3/29,"3,135.41"
2016/3/30,"3,216.28"
2016/3/31,"3,218.09"
2016/4/1,"3,221.90"
2016/4/5,"3,264.49"
2016/4/6,"3,257.53"
2016/4/7,"3,209.29"
2016/4/8,"3,185.73"
2016/4/11,"3,230.10"
2016/4/12,"3,218.45"
2016/4/13,"3,261.38"
2016/4/14,"3,275.83"
2016/4/15,"3,272.21"
2016/4/18,"3,228.45"
2016/4/19,"3,238.30"
2016/4/20,"3,181.03"
2016/4/21,"3,160.60"
2016/4/22,"3,174.90"
2016/4/25,"3,162.03"
2016/4/26,"3,179.16"
2016/4/27,"3,165.92"
2016/4/28,"3,160.58"
2016/4/29,"3,156.75"
2016/5/3,"3,213.54"
2016/5/4,"3,209.46"
2016/5/5,"3,213.92"
2016/5/6,"3,130.35"
2016/5/9,"3,065.62"
2016/5/10,"3,069.11"
2016/5/11,"3,082.81"
2016/5/12,"3,090.14"
2016/5/13,"3,074.94"
2016/5/16,"3,095.31"
2016/5/17,"3,086.03"
2016/5/18,"3,068.04"
2016/5/19,"3,062.50"
2016/5/20,"3,078.22"
2016/5/23,"3,087.22"
2016/5/24,"3,063.56"
2016/5/25,"3,059.23"
2016/5/26,"3,064.21"
2016/5/27,"3,062.50"
2016/5/30,"3,066.71"
2016/5/31,"3,169.56"
2016/6/1,"3,160.55"
2016/6/2,"3,167.10"
2016/6/3,"3,189.33"
2016/6/6,"3,178.79"
2016/6/7,"3,177.05"
2016/6/8,"3,163.99"
2016/6/13,"3,066.34"
2016/6/14,"3,075.98"
2016/6/15,"3,116.37"
2016/6/16,"3,094.68"
2016/6/17,"3,110.36"
2016/6/20,"3,112.67"
2016/6/21,"3,106.32"
2016/6/22,"3,133.96"
2016/6/23,"3,117.32"
2016/6/24,"3,077.16"
2016/6/27,"3,120.54"
2016/6/28,"3,136.40"
2016/6/29,"3,151.39"
2016/6/30,"3,153.92"
2016/7/1,"3,154.20"
2016/7/4,"3,204.70"
2016/7/5,"3,207.38"
2016/7/6,"3,216.80"
2016/7/7,"3,209.95"
2016/7/8,"3,192.28"
2016/7/11,"3,203.33"
2016/7/12,"3,273.18"
2016/7/13,"3,282.87"
2016/7/14,"3,276.76"
2016/7/15,"3,276.28"
2016/7/18,"3,262.02"
2016/7/19,"3,248.23"
2016/7/20,"3,237.61"
2016/7/21,"3,252.52"
2016/7/22,"3,225.16"
2016/7/25,"3,230.89"
2016/7/26,"3,269.59"
2016/7/27,"3,218.24"
2016/7/28,"3,221.14"
2016/7/29,"3,203.93"
2016/8/1,"3,176.81"
2016/8/2,"3,189.05"
2016/8/3,"3,193.51"
2016/8/4,"3,201.29"
2016/8/5,"3,205.11"
2016/8/8,"3,234.18"
2016/8/9,"3,256.98"
2016/8/10,"3,243.34"
2016/8/11,"3,233.36"
2016/8/12,"3,294.23"
2016/8/15,"3,393.42"
2016/8/16,"3,378.25"
2016/8/17,"3,373.05"
2016/8/18,"3,364.49"
2016/8/19,"3,365.02"
2016/8/22,"3,336.80"
2016/8/23,"3,341.83"
2016/8/24,"3,329.86"
2016/8/25,"3,308.97"
2016/8/26,"3,307.09"
2016/8/29,"3,307.78"
2016/8/30,"3,311.99"
2016/8/31,"3,327.79"
2016/9/1,"3,301.58"
2016/9/2,"3,314.11"
2016/9/5,"3,319.68"
2016/9/6,"3,342.63"
2016/9/7,"3,340.82"
2016/9/8,"3,339.56"
2016/9/9,"3,318.04"
2016/9/12,"3,262.60"
2016/9/13,"3,260.33"
2016/9/14,"3,238.73"
2016/9/19,"3,263.12"
2016/9/20,"3,257.40"
2016/9/21,"3,266.64"
2016/9/22,"3,291.12"
2016/9/23,"3,275.67"
2016/9/26,"3,220.28"
2016/9/27,"3,240.76"
2016/9/28,"3,230.89"
2016/9/29,"3,244.39"
2016/9/30,"3,253.29"
2016/10/10,"3,293.87"
2016/10/11,"3,306.56"
2016/10/12,"3,300.01"
2016/10/13,"3,302.65"
2016/10/14,"3,305.85"
2016/10/17,"3,277.88"
2016/10/18,"3,321.33"
2016/10/19,"3,316.24"
2016/10/20,"3,318.60"
2016/10/21,"3,327.74"
2016/10/24,"3,367.58"
2016/10/25,"3,367.46"
2016/10/26,"3,354.80"
2016/10/27,"3,345.70"
2016/10/28,"3,340.13"
2016/10/31,"3,336.28"
2016/11/1,"3,359.05"
2016/11/2,"3,333.35"
2016/11/3,"3,365.09"
2016/11/4,"3,354.18"
2016/11/7,"3,356.59"
2016/11/8,"3,371.12"
2016/11/9,"3,353.06"
2016/11/10,"3,390.61"
2016/11/11,"3,417.22"
2016/11/14,"3,430.25"
2016/11/15,"3,429.87"
2016/11/16,"3,429.59"
2016/11/17,"3,436.54"
2016/11/18,"3,417.46"
2016/11/21,"3,441.11"
2016/11/22,"3,468.36"
2016/11/23,"3,474.73"
2016/11/24,"3,488.74"
2016/11/25,"3,521.30"
2016/11/28,"3,535.08"
2016/11/29,"3,564.04"
2016/11/30,"3,538.00"
2016/12/1,"3,565.04"
2016/12/2,"3,528.96"
2016/12/5,"3,469.41"
2016/12/6,"3,459.15"
2016/12/7,"3,475.75"
2016/12/8,"3,470.14"
2016/12/9,"3,493.70"
2016/12/12,"3,409.18"
2016/12/13,"3,405.04"
2016/12/14,"3,378.95"
2016/12/15,"3,340.43"
2016/12/16,"3,346.03"
2016/12/19,"3,328.98"
2016/12/20,"3,309.06"
2016/12/21,"3,338.54"
2016/12/22,"3,335.67"
2016/12/23,"3,307.60"
2016/12/26,"3,322.40"
2016/12/27,"3,316.39"
2016/12/28,"3,301.89"
2016/12/29,"3,297.77"
2016/12/30,"3,310.08"
2017/1/3,"3,342.23"
2017/1/4,"3,368.31"
2017/1/5,"3,367.79"
2017/1/6,"3,347.67"
2017/1/9,"3,363.90"
2017/1/10,"3,358.27"
2017/1/11,"3,334.50"
2017/1/12,"3,317.62"
2017/1/13,"3,319.91"
2017/1/16,"3,319.45"
2017/1/17,"3,326.36"
2017/1/18,"3,339.37"
2017/1/19,"3,329.29"
2017/1/20,"3,354.89"
2017/1/23,"3,364.08"
2017/1/24,"3,364.45"
2017/1/25,"3,375.90"
2017/1/26,"3,387.96"
2017/2/3,"3,364.49"
2017/2/6,"3,373.21"
2017/2/7,"3,365.69"
2017/2/8,"3,383.29"
2017/2/9,"3,396.29"
2017/2/10,"3,413.49"
2017/2/13,"3,436.28"
2017/2/14,"3,435.80"
2017/2/15,"3,421.71"
2017/2/16,"3,440.93"
2017/2/17,"3,421.44"
2017/2/20,"3,471.39"
2017/2/21,"3,482.82"
2017/2/22,"3,489.76"
2017/2/23,"3,473.32"
2017/2/24,"3,473.85"
2017/2/27,"3,446.22"
2017/2/28,"3,452.81"
2017/3/1,"3,458.44"
2017/3/2,"3,435.10"
2017/3/3,"3,427.86"
2017/3/6,"3,446.48"
2017/3/7,"3,453.96"
2017/3/8,"3,448.73"
2017/3/9,"3,426.94"
2017/3/10,"3,427.89"
2017/3/13,"3,458.10"
2017/3/14,"3,456.69"
2017/3/15,"3,463.64"
2017/3/16,"3,481.51"
2017/3/17,"3,445.81"
2017/3/20,"3,449.61"
2017/3/21,"3,466.35"
2017/3/22,"3,450.05"
2017/3/23,"3,461.98"
2017/3/24,"3,489.60"
2017/3/27,"3,478.04"
2017/3/28,"3,469.81"
2017/3/29,"3,465.19"
2017/3/30,"3,436.76"
2017/3/31,"3,456.05"
2017/4/5,"3,503.89"
2017/4/6,"3,514.05"
2017/4/7,"3,517.46"
2017/4/10,"3,505.14"
2017/4/11,"3,517.33"
2017/4/12,"3,509.44"
2017/4/13,"3,514.57"
2017/4/14,"3,486.50"
2017/4/17,"3,479.94"
2017/4/18,"3,462.74"
2017/4/19,"3,445.88"
2017/4/20,"3,461.55"
2017/4/21,"3,466.79"
2017/4/24,"3,431.26"
2017/4/25,"3,440.97"
2017/4/26,"3,445.18"
2017/4/27,"3,446.72"
2017/4/28,"3,439.75"
2017/5/2,"3,426.58"
2017/5/3,"3,413.13"
2017/5/4,"3,404.39"
2017/5/5,"3,382.55"
2017/5/8,"3,358.81"
2017/5/9,"3,352.53"
2017/5/10,"3,337.70"
2017/5/11,"3,356.65"
2017/5/12,"3,385.38"
2017/5/15,"3,399.19"
2017/5/16,"3,428.65"
2017/5/17,"3,409.97"
2017/5/18,"3,398.11"
2017/5/19,"3,403.85"
2017/5/22,"3,411.24"
2017/5/23,"3,424.19"
2017/5/24,"3,424.17"
2017/5/25,"3,485.66"
2017/5/26,"3,480.44"
2017/5/31,"3,492.88"
2017/6/1,"3,497.74"
2017/6/2,"3,486.51"
2017/6/5,"3,468.75"
2017/6/6,"3,492.88"
2017/6/7,"3,533.87"
2017/6/8,"3,560.98"
2017/6/9,"3,576.17"
2017/6/12,"3,574.39"
2017/6/13,"3,582.27"
2017/6/14,"3,535.30"
2017/6/15,"3,528.79"
2017/6/16,"3,518.76"
2017/6/19,"3,553.67"
2017/6/20,"3,546.49"
2017/6/21,"3,587.96"
2017/6/22,"3,590.34"
2017/6/23,"3,622.88"
2017/6/26,"3,668.09"
2017/6/27,"3,674.72"
2017/6/28,"3,646.17"
2017/6/29,"3,668.83"
2017/6/30,"3,666.80"
2017/7/3,"3,650.85"
2017/7/4,"3,619.98"
2017/7/5,"3,659.68"
2017/7/6,"3,660.10"
2017/7/7,"3,655.93"
2017/7/10,"3,653.69"
2017/7/11,"3,670.81"
2017/7/12,"3,658.82"
2017/7/13,"3,686.92"
2017/7/14,"3,703.09"
2017/7/17,"3,663.56"
2017/7/18,"3,667.18"
2017/7/19,"3,729.75"
2017/7/20,"3,747.88"
2017/7/21,"3,728.60"
2017/7/24,"3,743.47"
2017/7/25,"3,719.56"
2017/7/26,"3,705.39"
2017/7/27,"3,712.19"
2017/7/28,"3,721.89"
2017/7/31,"3,737.87"
2017/8/1,"3,770.38"
2017/8/2,"3,760.85"
2017/8/3,"3,727.83"
2017/8/4,"3,707.58"
2017/8/7,"3,726.79"
2017/8/8,"3,732.21"
2017/8/9,"3,731.04"
2017/8/10,"3,715.92"
2017/8/11,"3,647.35"
2017/8/14,"3,694.68"
2017/8/15,"3,706.06"
2017/8/16,"3,701.42"
2017/8/17,"3,721.28"
2017/8/18,"3,724.67"
2017/8/21,"3,740.99"
2017/8/22,"3,752.30"
2017/8/23,"3,756.09"
2017/8/24,"3,734.65"
2017/8/25,"3,795.75"
2017/8/28,"3,842.71"
2017/8/29,"3,834.54"
2017/8/30,"3,834.30"
2017/8/31,"3,822.09"
2017/9/1,"3,830.54"
2017/9/4,"3,845.62"
2017/9/5,"3,857.05"
2017/9/6,"3,849.45"
2017/9/7,"3,829.87"
2017/9/8,"3,825.99"
2017/9/11,"3,825.65"
2017/9/12,"3,837.93"
2017/9/13,"3,842.61"
2017/9/14,"3,829.96"
2017/9/15,"3,831.30"
2017/9/18,"3,843.14"
2017/9/19,"3,832.12"
2017/9/20,"3,842.44"
2017/9/21,"3,837.82"
2017/9/22,"3,837.73"
2017/9/25,"3,817.79"
2017/9/26,"3,820.78"
2017/9/27,"3,821.20"
2017/9/28,"3,822.54"
2017/9/29,"3,836.50"
2017/10/9,"3,882.21"
2017/10/10,"3,889.86"
2017/10/11,"3,902.69"
2017/10/12,"3,912.95"
2017/10/13,"3,921.00"
2017/10/16,"3,913.45"
2017/10/17,"3,913.07"
2017/10/18,"3,944.16"
2017/10/19,"3,931.25"
2017/10/20,"3,926.85"
2017/10/23,"3,930.80"
2017/10/24,"3,959.40"
2017/10/25,"3,976.95"
2017/10/26,"3,993.58"
2017/10/27,"4,021.97"
2017/10/30,"4,009.72"
2017/10/31,"4,006.72"
2017/11/1,"3,996.62"
2017/11/2,"3,997.13"
2017/11/3,"3,992.70"
2017/11/6,"4,020.89"
2017/11/7,"4,054.25"
2017/11/8,"4,048.01"
2017/11/9,"4,075.90"
2017/11/10,"4,111.91"
2017/11/13,"4,128.07"
2017/11/14,"4,099.35"
2017/11/15,"4,073.67"
2017/11/16,"4,105.01"
2017/11/17,"4,120.85"
2017/11/20,"4,143.83"
2017/11/21,"4,217.70"
2017/11/22,"4,227.57"
2017/11/23,"4,102.40"
2017/11/24,"4,104.20"
2017/11/27,"4,049.95"
2017/11/28,"4,055.82"
2017/11/29,"4,053.75"
2017/11/30,"4,006.10"
2017/12/1,"3,998.14"
2017/12/4,"4,018.86"
2017/12/5,"4,040.17"
2017/12/6,"4,015.82"
2017/12/7,"3,971.06"
2017/12/8,"4,003.38"
2017/12/11,"4,069.50"
2017/12/12,"4,016.02"
2017/12/13,"4,050.09"
2017/12/14,"4,026.15"
2017/12/15,"3,980.86"
2017/12/18,"3,985.29"
2017/12/19,"4,035.33"
2017/12/20,"4,030.49"
2017/12/21,"4,067.85"
2017/12/22,"4,054.60"
2017/12/25,"4,041.54"
2017/12/26,"4,053.62"
2017/12/27,"3,991.21"
2017/12/28,"4,018.90"
2017/12/29,"4,030.85"
2018/1/2,"4,087.40"
2018/1/3,"4,111.39"
2018/1/4,"4,128.81"
2018/1/5,"4,138.75"
2018/1/8,"4,160.16"
2018/1/9,"4,189.30"
2018/1/10,"4,207.81"
2018/1/11,"4,205.59"
2018/1/12,"4,225.00"
2018/1/15,"4,225.24"
2018/1/16,"4,258.47"
2018/1/17,"4,248.12"
2018/1/18,"4,271.42"
2018/1/19,"4,285.40"
2018/1/22,"4,336.60"
2018/1/23,"4,382.61"
2018/1/24,"4,389.89"
2018/1/25,"4,365.08"
2018/1/26,"4,381.30"
2018/1/29,"4,302.02"
2018/1/30,"4,256.10"
2018/1/31,"4,275.90"
2018/2/1,"4,245.90"
2018/2/2,"4,271.23"
2018/2/5,"4,274.15"
2018/2/6,"4,148.89"
2018/2/7,"4,050.50"
2018/2/8,"4,012.05"
2018/2/9,"3,840.65"
2018/2/12,"3,890.10"
2018/2/13,"3,935.63"
2018/2/14,"3,966.96"
2018/2/22,"4,052.73"
2018/2/23,"4,071.09"
2018/2/26,"4,118.42"
2018/2/27,"4,058.98"
2018/2/28,"4,023.64"
2018/3/1,"4,049.09"
2018/3/2,"4,016.46"
2018/3/5,"4,018.10"
2018/3/6,"4,066.56"
2018/3/7,"4,036.65"
2018/3/8,"4,077.60"
2018/3/9,"4,108.87"
2018/3/12,"4,127.67"
2018/3/13,"4,091.25"
2018/3/14,"4,073.34"
2018/3/15,"4,096.16"
2018/3/16,"4,056.42"
2018/3/19,"4,074.25"
2018/3/20,"4,077.70"
2018/3/21,"4,061.05"
2018/3/22,"4,020.35"
2018/3/23,"3,904.94"
2018/3/26,"3,879.89"
2018/3/27,"3,913.27"
2018/3/28,"3,842.72"
2018/3/29,"3,894.05"
2018/3/30,"3,898.50"
2018/4/2,"3,886.92"
2018/4/3,"3,862.48"
2018/4/4,"3,854.86"
2018/4/9,"3,852.93"
2018/4/10,"3,927.17"
2018/4/11,"3,938.34"
2018/4/12,"3,898.64"
2018/4/13,"3,871.14"
2018/4/16,"3,808.86"
2018/4/17,"3,748.64"
2018/4/18,"3,766.28"
2018/4/19,"3,811.84"
2018/4/20,"3,760.85"
2018/4/23,"3,766.33"
2018/4/24,"3,843.49"
2018/4/25,"3,828.70"
2018/4/26,"3,755.49"
2018/4/27,"3,756.88"
2018/5/2,"3,763.65"
2018/5/3,"3,793.00"
2018/5/4,"3,774.60"
2018/5/7,"3,834.19"
2018/5/8,"3,878.68"
2018/5/9,"3,871.62"
2018/5/10,"3,893.06"
2018/5/11,"3,872.84"
2018/5/14,"3,909.29"
2018/5/15,"3,924.10"
2018/5/16,"3,892.84"
2018/5/17,"3,864.05"
2018/5/18,"3,903.06"
2018/5/21,"3,921.24"
2018/5/22,"3,906.21"
2018/5/23,"3,854.58"
2018/5/24,"3,827.22"
2018/5/25,"3,816.50"
2018/5/28,"3,833.26"
2018/5/29,"3,804.01"
2018/5/30,"3,723.37"
2018/5/31,"3,802.38"
2018/6/1,"3,770.59"
2018/6/4,"3,807.58"
2018/6/5,"3,845.32"
2018/6/6,"3,837.35"
2018/6/7,"3,831.01"
2018/6/8,"3,779.62"
2018/6/11,"3,779.98"
2018/6/12,"3,825.95"
2018/6/13,"3,788.34"
2018/6/14,"3,773.37"
2018/6/15,"3,753.43"
2018/6/19,"3,621.12"
2018/6/20,"3,635.44"
2018/6/21,"3,592.97"
2018/6/22,"3,608.90"
2018/6/25,"3,560.48"
2018/6/26,"3,531.11"
2018/6/27,"3,459.26"
2018/6/28,"3,423.53"
2018/6/29,"3,510.98"
2018/7/2,"3,407.96"
2018/7/3,"3,409.28"
2018/7/4,"3,363.75"
2018/7/5,"3,342.44"
2018/7/6,"3,365.12"
2018/7/9,"3,459.18"
2018/7/10,"3,467.52"
2018/7/11,"3,407.53"
2018/7/12,"3,481.06"
2018/7/13,"3,492.69"
2018/7/16,"3,472.09"
2018/7/17,"3,449.38"
2018/7/18,"3,431.32"
2018/7/19,"3,428.34"
2018/7/20,"3,492.89"
2018/7/23,"3,525.75"
2018/7/24,"3,581.71"
2018/7/25,"3,577.75"
2018/7/26,"3,536.25"
2018/7/27,"3,521.23"
2018/7/30,"3,515.08"
2018/7/31,"3,517.66"
2018/8/1,"3,447.39"
2018/8/2,"3,370.96"
2018/8/3,"3,315.28"
2018/8/6,"3,273.27"
2018/8/7,"3,368.87"
2018/8/8,"3,314.51"
2018/8/9,"3,397.53"
2018/8/10,"3,405.02"
2018/8/13,"3,390.34"
2018/8/14,"3,372.91"
2018/8/15,"3,291.98"
2018/8/16,"3,276.73"
2018/8/17,"3,229.62"
2018/8/20,"3,267.25"
2018/8/21,"3,326.65"
2018/8/22,"3,307.95"
2018/8/23,"3,320.03"
2018/8/24,"3,325.33"
2018/8/27,"3,406.57"
2018/8/28,"3,400.17"
2018/8/29,"3,386.57"
2018/8/30,"3,351.09"
2018/8/31,"3,334.50"
2018/9/3,"3,321.82"
2018/9/4,"3,363.90"
2018/9/5,"3,298.14"
2018/9/6,"3,262.88"
2018/9/7,"3,277.64"
2018/9/10,"3,230.07"
2018/9/11,"3,224.21"
2018/9/12,"3,202.02"
2018/9/13,"3,236.57"
2018/9/14,"3,242.09"
2018/9/17,"3,204.92"
2018/9/18,"3,269.43"
2018/9/19,"3,312.48"
2018/9/20,"3,310.13"
2018/9/21,"3,410.49"
2018/9/25,"3,379.80"
2018/9/26,"3,417.24"
2018/9/27,"3,403.59"
2018/9/28,"3,438.86"
2018/10/8,"3,290.90"
2018/10/9,"3,288.69"
2018/10/10,"3,281.60"
2018/10/11,"3,124.11"
2018/10/12,"3,170.73"
2018/10/15,"3,126.45"
2018/10/16,"3,100.97"
2018/10/17,"3,118.25"
2018/10/18,"3,044.39"
2018/10/19,"3,134.95"
2018/10/22,"3,270.27"
2018/10/23,"3,183.43"
2018/10/24,"3,188.20"
2018/10/25,"3,194.31"
2018/10/26,"3,173.64"
2018/10/29,"3,076.89"
2018/10/30,"3,110.26"
2018/10/31,"3,153.82"
2018/11/1,"3,177.03"
2018/11/2,"3,290.25"
2018/11/5,"3,262.84"
2018/11/6,"3,243.15"
2018/11/7,"3,221.91"
2018/11/8,"3,212.77"
2018/11/9,"3,167.44"
2018/11/12,"3,205.14"
2018/11/13,"3,237.38"
2018/11/14,"3,204.94"
2018/11/15,"3,242.37"
2018/11/16,"3,257.67"
2018/11/19,"3,294.60"
2018/11/20,"3,218.41"
2018/11/21,"3,226.49"
2018/11/22,"3,214.43"
2018/11/23,"3,143.48"
2018/11/26,"3,141.24"
2018/11/27,"3,137.24"
2018/11/28,"3,178.93"
2018/11/29,"3,137.65"
2018/11/30,"3,172.69"
2018/12/3,"3,260.95"
2018/12/4,"3,267.71"
2018/12/5,"3,252.00"
2018/12/6,"3,181.67"
2018/12/7,"3,181.56"
2018/12/10,"3,144.76"
2018/12/11,"3,159.82"
2018/12/12,"3,170.61"
2018/12/13,"3,219.69"
2018/12/14,"3,165.91"
2018/12/17,"3,161.20"
2018/12/18,"3,128.43"
2018/12/19,"3,091.13"
2018/12/20,"3,067.42"
2018/12/21,"3,029.40"
2018/12/24,"3,038.20"
2018/12/25,"3,017.28"
2018/12/26,"3,002.03"
2018/12/27,"2,990.51"
2018/12/28,"3,010.65"
2019/1/2,"2,969.54"
2019/1/3,"2,964.84"
2019/1/4,"3,035.87"
2019/1/7,"3,054.30"
2019/1/8,"3,047.70"
2019/1/9,"3,078.48"
2019/1/10,"3,072.69"
2019/1/11,"3,094.78"
2019/1/14,"3,067.78"
2019/1/15,"3,127.99"
2019/1/16,"3,128.65"
2019/1/17,"3,111.42"
2019/1/18,"3,168.17"
2019/1/21,"3,185.64"
2019/1/22,"3,143.32"
2019/1/23,"3,141.05"
2019/1/24,"3,158.78"
2019/1/25,"3,184.47"
2019/1/28,"3,183.78"
2019/1/29,"3,193.97"
2019/1/30,"3,168.48"
2019/1/31,"3,201.63"
2019/2/1,"3,247.40"
2019/2/11,"3,306.47"
2019/2/12,"3,330.34"
2019/2/13,"3,397.03"
2019/2/14,"3,402.14"
2019/2/15,"3,338.70"
2019/2/18,"3,445.74"
2019/2/19,"3,439.61"
2019/2/20,"3,451.93"
