,value,cash,portfolio
2012-01-04,1000000.0,0.0,HS300收盘价
2012-01-05,990272.9744426318,0.0,HS300收盘价
2012-01-06,996454.5948885264,0.0,HS300收盘价
2012-01-09,1030373.028820011,0.0,HS300收盘价
2012-01-10,1064643.8281674823,0.0,HS300收盘价
2012-01-11,1059536.704730832,0.0,HS300收盘价
2012-01-12,1059367.0473083197,0.0,HS300收盘价
2012-01-13,1041579.1190864601,0.0,HS300收盘价
2012-01-16,1020402.3926046767,0.0,HS300收盘价
2012-01-17,1070407.8303425775,0.0,HS300收盘价
2012-01-18,1053698.7493202828,0.0,HS300收盘价
2012-01-19,1073779.227841218,0.0,HS300收盘价
2012-01-20,1089326.8080478522,0.0,HS300收盘价
2012-01-30,1070460.0326264275,0.0,HS300收盘价
2012-01-31,1072000.0000000002,0.0,HS300收盘价
2012-02-01,1056656.8787384448,0.0,HS300收盘价
2012-02-02,1081561.7183251765,0.0,HS300收盘价
2012-02-03,1090196.8461120173,0.0,HS300收盘价
2012-02-06,1089426.862425231,0.0,HS300收盘价
2012-02-07,1069255.029907558,0.0,HS300收盘价
2012-02-08,1099832.5176726477,0.0,HS300收盘价
2012-02-09,1100263.1865144097,0.0,HS300收盘价
2012-02-10,1102172.9200652526,0.0,HS300收盘价
2012-02-13,1101459.4888526371,0.0,HS300收盘价
2012-02-14,1097165.8510059814,0.0,HS300收盘价
2012-02-15,1109128.8743882545,0.0,HS300收盘价
2012-02-16,1103238.7166938554,0.0,HS300收盘价
2012-02-17,1103682.4361065796,0.0,HS300收盘价
2012-02-20,1105257.2050027188,0.0,HS300收盘价
2012-02-21,1114714.5187601957,0.0,HS300收盘价
2012-02-22,1129953.235454051,0.0,HS300收盘价
2012-02-23,1133772.702555737,0.0,HS300收盘价
2012-02-24,1151939.0973355086,0.0,HS300收盘价
2012-02-27,1155658.5100598154,0.0,HS300收盘价
2012-02-28,1158220.772158782,0.0,HS300收盘价
2012-02-29,1145901.0331702011,0.0,HS300收盘价
2012-03-01,1145557.3681348558,0.0,HS300收盘价
2012-03-02,1165820.5546492657,0.0,HS300收盘价
2012-03-05,1158325.1767264816,0.0,HS300收盘价
2012-03-06,1140206.6340402393,0.0,HS300收盘价
2012-03-07,1132358.8907014683,0.0,HS300收盘价
2012-03-08,1146618.8145731376,0.0,HS300收盘价
2012-03-09,1159021.207177814,0.0,HS300收盘价
2012-03-12,1154714.5187601957,0.0,HS300收盘价
2012-03-13,1166316.4763458401,0.0,HS300收盘价
2012-03-14,1133272.4306688418,0.0,HS300收盘价
2012-03-15,1124763.4584013051,0.0,HS300收盘价
2012-03-16,1141281.1310494833,0.0,HS300收盘价
2012-03-19,1144104.4045676999,0.0,HS300收盘价
2012-03-20,1124284.937466014,0.0,HS300收盘价
2012-03-21,1125737.90103317,0.0,HS300收盘价
2012-03-22,1123980.424143556,0.0,HS300收盘价
2012-03-23,1110577.4877650894,0.0,HS300收盘价
2012-03-26,1111665.0353452961,0.0,HS300收盘价
2012-03-27,1108054.37737901,0.0,HS300收盘价
2012-03-28,1076628.602501359,0.0,HS300收盘价
2012-03-29,1062803.6976617721,0.0,HS300收盘价
2012-03-30,1067928.2218597059,0.0,HS300收盘价
2012-04-05,1093128.8743882538,0.0,HS300收盘价
2012-04-06,1096174.0076128324,0.0,HS300收盘价
2012-04-09,1085437.7379010324,0.0,HS300收盘价
2012-04-10,1096156.6068515491,0.0,HS300收盘价
2012-04-11,1096265.3616095698,0.0,HS300收盘价
2012-04-12,1118190.3208265356,0.0,HS300收盘价
2012-04-13,1122544.861337683,0.0,HS300收盘价
2012-04-16,1119756.3893420333,0.0,HS300收盘价
2012-04-17,1105766.1772702553,0.0,HS300收盘价
2012-04-18,1131010.3317020116,0.0,HS300收盘价
2012-04-19,1129335.5084284935,0.0,HS300收盘价
2012-04-20,1142725.3942359977,0.0,HS300收盘价
2012-04-23,1133676.9983686784,0.0,HS300收盘价
2012-04-24,1133168.0261011417,0.0,HS300收盘价
2012-04-25,1142355.6280587274,0.0,HS300收盘价
2012-04-26,1144748.232735182,0.0,HS300收盘价
2012-04-27,1142429.5812941813,0.0,HS300收盘价
2012-05-02,1167369.2224034797,0.0,HS300收盘价
2012-05-03,1170862.4252311036,0.0,HS300收盘价
2012-05-04,1181459.4888526371,0.0,HS300收盘价
2012-05-07,1182286.0250135942,0.0,HS300收盘价
2012-05-08,1178518.7601957584,0.0,HS300收盘价
2012-05-09,1156067.427949973,0.0,HS300收盘价
2012-05-10,1155936.922240348,0.0,HS300收盘价
2012-05-11,1147110.386079391,0.0,HS300收盘价
2012-05-14,1137805.328983143,0.0,HS300收盘价
2012-05-15,1138605.7640021748,0.0,HS300收盘价
2012-05-16,1120021.750951604,0.0,HS300收盘价
2012-05-17,1137113.6487221315,0.0,HS300收盘价
2012-05-18,1119730.2882001086,0.0,HS300收盘价
2012-05-21,1125494.2903752038,0.0,HS300收盘价
2012-05-22,1143025.5573681348,0.0,HS300收盘价
2012-05-23,1138388.2544861336,0.0,HS300收盘价
2012-05-24,1128987.4932028276,0.0,HS300收盘价
2012-05-25,1119347.471451876,0.0,HS300收盘价
2012-05-28,1137439.9129961936,0.0,HS300收盘价
2012-05-29,1153170.2011963022,0.0,HS300收盘价
2012-05-30,1149433.3877107124,0.0,HS300收盘价
2012-05-31,1144987.4932028276,0.0,HS300收盘价
2012-06-01,1145405.111473627,0.0,定期存款利率：3个月（月）
2012-06-04,1145405.111473627,0.0,定期存款利率：3个月（月）
2012-06-05,1145405.111473627,0.0,定期存款利率：3个月（月）
2012-06-06,1145405.111473627,0.0,定期存款利率：3个月（月）
2012-06-07,1145405.111473627,0.0,定期存款利率：3个月（月）
2012-06-08,1145405.111473627,0.0,定期存款利率：3个月（月）
2012-06-11,1145405.111473627,0.0,定期存款利率：3个月（月）
2012-06-12,1145405.111473627,0.0,定期存款利率：3个月（月）
2012-06-13,1145405.111473627,0.0,定期存款利率：3个月（月）
2012-06-14,1145405.111473627,0.0,定期存款利率：3个月（月）
2012-06-15,1145405.111473627,0.0,定期存款利率：3个月（月）
2012-06-18,1145405.111473627,0.0,定期存款利率：3个月（月）
2012-06-19,1145405.111473627,0.0,定期存款利率：3个月（月）
2012-06-20,1145405.111473627,0.0,定期存款利率：3个月（月）
2012-06-21,1145405.111473627,0.0,定期存款利率：3个月（月）
2012-06-25,1145405.111473627,0.0,定期存款利率：3个月（月）
2012-06-26,1145405.111473627,0.0,定期存款利率：3个月（月）
2012-06-27,1145405.111473627,0.0,定期存款利率：3个月（月）
2012-06-28,1145405.111473627,0.0,定期存款利率：3个月（月）
2012-06-29,1145405.111473627,0.0,定期存款利率：3个月（月）
2012-07-02,1145405.111473627,0.0,定期存款利率：3个月（月）
2012-07-03,1145405.111473627,0.0,定期存款利率：3个月（月）
2012-07-04,1145405.111473627,0.0,定期存款利率：3个月（月）
2012-07-05,1145405.111473627,0.0,定期存款利率：3个月（月）
2012-07-06,1145405.111473627,0.0,定期存款利率：3个月（月）
2012-07-09,1145405.111473627,0.0,定期存款利率：3个月（月）
2012-07-10,1145405.111473627,0.0,定期存款利率：3个月（月）
2012-07-11,1145405.111473627,0.0,定期存款利率：3个月（月）
2012-07-12,1145405.111473627,0.0,定期存款利率：3个月（月）
2012-07-13,1145405.111473627,0.0,定期存款利率：3个月（月）
2012-07-16,1145405.111473627,0.0,定期存款利率：3个月（月）
2012-07-17,1145405.111473627,0.0,定期存款利率：3个月（月）
2012-07-18,1145405.111473627,0.0,定期存款利率：3个月（月）
2012-07-19,1145405.111473627,0.0,定期存款利率：3个月（月）
2012-07-20,1145405.111473627,0.0,定期存款利率：3个月（月）
2012-07-23,1145405.111473627,0.0,定期存款利率：3个月（月）
2012-07-24,1145405.111473627,0.0,定期存款利率：3个月（月）
2012-07-25,1145405.111473627,0.0,定期存款利率：3个月（月）
2012-07-26,1145405.111473627,0.0,定期存款利率：3个月（月）
2012-07-27,1145405.111473627,0.0,定期存款利率：3个月（月）
2012-07-30,1145405.111473627,0.0,定期存款利率：3个月（月）
2012-07-31,1145389.8558514682,0.0,定期存款利率：3个月（月）
2012-08-01,1145389.8558514682,0.0,定期存款利率：3个月（月）
2012-08-02,1145389.8558514682,0.0,定期存款利率：3个月（月）
2012-08-03,1145389.8558514682,0.0,定期存款利率：3个月（月）
2012-08-06,1145389.8558514682,0.0,定期存款利率：3个月（月）
2012-08-07,1145389.8558514682,0.0,定期存款利率：3个月（月）
2012-08-08,1145389.8558514682,0.0,定期存款利率：3个月（月）
2012-08-09,1145389.8558514682,0.0,定期存款利率：3个月（月）
2012-08-10,1145389.8558514682,0.0,定期存款利率：3个月（月）
2012-08-13,1145389.8558514682,0.0,定期存款利率：3个月（月）
2012-08-14,1145389.8558514682,0.0,定期存款利率：3个月（月）
2012-08-15,1145389.8558514682,0.0,定期存款利率：3个月（月）
2012-08-16,1145389.8558514682,0.0,定期存款利率：3个月（月）
2012-08-17,1145389.8558514682,0.0,定期存款利率：3个月（月）
2012-08-20,1145389.8558514682,0.0,定期存款利率：3个月（月）
2012-08-21,1145389.8558514682,0.0,定期存款利率：3个月（月）
2012-08-22,1145389.8558514682,0.0,定期存款利率：3个月（月）
2012-08-23,1145389.8558514682,0.0,定期存款利率：3个月（月）
2012-08-24,1145389.8558514682,0.0,定期存款利率：3个月（月）
2012-08-27,1145389.8558514682,0.0,定期存款利率：3个月（月）
2012-08-28,1145389.8558514682,0.0,定期存款利率：3个月（月）
2012-08-29,1145389.8558514682,0.0,定期存款利率：3个月（月）
2012-08-30,1145389.8558514682,0.0,定期存款利率：3个月（月）
2012-08-31,1145389.8558514682,0.0,定期存款利率：3个月（月）
2012-09-03,1145389.8558514682,0.0,HS300收盘价
2012-09-04,1133074.3333187643,0.0,HS300收盘价
2012-09-05,1130745.8977147099,0.0,HS300收盘价
2012-09-06,1139967.1195108995,0.0,HS300收盘价
2012-09-07,1191038.5017667196,0.0,HS300收盘价
2012-09-10,1195916.3944560084,0.0,HS300收盘价
2012-09-11,1188319.4235447661,0.0,HS300收盘价
2012-09-12,1192523.9717216243,0.0,HS300收盘价
2012-09-13,1181416.3572837391,0.0,HS300收盘价
2012-09-14,1190195.5361175695,0.0,HS300收盘价
2012-09-17,1160984.7203607433,0.0,HS300收盘价
2012-09-18,1148921.0595158953,0.0,HS300收盘价
2012-09-19,1154575.0974065356,0.0,HS300收盘价
2012-09-20,1128725.8641774172,0.0,HS300收盘价
2012-09-21,1130324.4148901347,0.0,HS300收盘价
2012-09-24,1138784.9115883112,0.0,HS300收盘价
2012-09-25,1136024.7130907895,0.0,HS300收盘价
2012-09-26,1123040.9860801008,0.0,HS300收盘价
2012-09-27,1157391.8362829636,0.0,HS300收盘价
2012-09-28,1178666.4388551095,0.0,HS300收盘价
2012-10-08,1166813.519422549,0.0,CRB现货指数：综合
2012-10-09,1161285.1718205104,0.0,CRB现货指数：综合
2012-10-10,1159102.304956186,0.0,CRB现货指数：综合
2012-10-11,1161261.445006768,0.0,CRB现货指数：综合
2012-10-12,1158437.9541713921,0.0,CRB现货指数：综合
2012-10-15,1151818.1731371912,0.0,CRB现货指数：综合
2012-10-16,1151391.0904898236,0.0,CRB现货指数：综合
2012-10-17,1152980.7870105815,0.0,CRB现货指数：综合
2012-10-18,1156587.262699465,0.0,CRB现货指数：综合
2012-10-19,1154736.571227538,0.0,CRB现货指数：综合
2012-10-22,1151391.0904898236,0.0,CRB现货指数：综合
2012-10-23,1143632.4223959753,0.0,CRB现货指数：综合
2012-10-24,1140761.4779331142,0.0,CRB现货指数：综合
2012-10-25,1135422.9448410168,0.0,CRB现货指数：综合
2012-10-26,1133026.5366530085,0.0,CRB现货指数：综合
2012-10-29,1131199.571994824,0.0,CRB现货指数：综合
2012-10-30,1130677.5820924856,0.0,CRB现货指数：综合
2012-10-31,1129775.9631702648,0.0,CRB现货指数：综合
2012-11-01,1132053.7372895596,0.0,CRB现货指数：综合
2012-11-02,1128186.2666495068,0.0,CRB现货指数：综合
2012-11-05,1125861.0389027265,0.0,CRB现货指数：综合
2012-11-06,1128565.895669389,0.0,CRB现货指数：综合
2012-11-07,1126169.487481381,0.0,CRB现货指数：综合
2012-11-08,1134023.0628301997,0.0,CRB现货指数：综合
2012-11-09,1132101.1909170446,0.0,CRB现货指数：综合
2012-11-12,1129775.9631702646,0.0,CRB现货指数：综合
2012-11-13,1131626.6546421917,0.0,CRB现货指数：综合
2012-11-14,1132504.5467506698,0.0,CRB现货指数：综合
2012-11-15,1136656.7391556345,0.0,CRB现货指数：综合
2012-11-16,1131721.5618971623,0.0,CRB现货指数：综合
2012-11-19,1129040.4319442422,0.0,CRB现货指数：综合
2012-11-20,1132077.464103302,0.0,CRB现货指数：综合
2012-11-21,1132243.5517995006,0.0,CRB现货指数：综合
2012-11-22,1132243.5517995006,0.0,CRB现货指数：综合
2012-11-23,1132860.4489568097,0.0,CRB现货指数：综合
2012-11-26,1134734.8672424795,0.0,CRB现货指数：综合
2012-11-27,1140642.8438644006,0.0,CRB现货指数：综合
2012-11-28,1141117.3801392538,0.0,CRB现货指数：综合
2012-11-29,1144130.6854845711,0.0,CRB现货指数：综合
2012-11-30,1147120.2640161456,0.0,CRB现货指数：综合
2012-12-03,1146455.9132313514,0.0,CRB现货指数：综合
2012-12-04,1146361.0059763808,0.0,CRB现货指数：综合
2012-12-05,1156397.448189524,0.0,CRB现货指数：综合
2012-12-06,1154617.9371588249,0.0,CRB现货指数：综合
2012-12-07,1149611.5794591247,0.0,CRB现货指数：综合
2012-12-10,1148876.0482331023,0.0,CRB现货指数：综合
2012-12-11,1149587.852645382,0.0,CRB现货指数：综合
2012-12-12,1152696.0652456698,0.0,CRB现货指数：综合
2012-12-13,1148069.3365658522,0.0,CRB现货指数：综合
2012-12-14,1151485.9977447945,0.0,CRB现货指数：综合
2012-12-17,1151675.8122547355,0.0,CRB现货指数：综合
2012-12-18,1151913.080392162,0.0,CRB现货指数：综合
2012-12-19,1153123.1478930374,0.0,CRB现货指数：综合
2012-12-20,1152245.255784559,0.0,CRB现货指数：综合
2012-12-21,1151984.2608333898,0.0,CRB现货指数：综合
2012-12-24,1149160.769998014,0.0,CRB现货指数：综合
2012-12-25,1149160.769998014,0.0,CRB现货指数：综合
2012-12-26,1149208.2236254993,0.0,CRB现货指数：综合
2012-12-27,1147476.1662222855,0.0,CRB现货指数：综合
2012-12-28,1146835.542251234,0.0,CRB现货指数：综合
2012-12-31,1146835.542251234,0.0,CRB现货指数：综合
2013-01-04,1146835.542251234,0.0,中债综合指数
2013-01-07,1148118.937285606,0.0,中债综合指数
2013-01-08,1148576.7336850618,0.0,中债综合指数
2013-01-09,1149221.5614340391,0.0,中债综合指数
2013-01-10,1149131.5672700435,0.0,中债综合指数
2013-01-11,1149018.0963676143,0.0,中债综合指数
2013-01-14,1149417.2009209862,0.0,中债综合指数
2013-01-15,1149701.2694560331,0.0,中债综合指数
2013-01-16,1149859.3461614863,0.0,中债综合指数
2013-01-17,1150230.2786287377,0.0,中债综合指数
2013-01-18,1151084.0493497744,0.0,中债综合指数
2013-01-21,1151848.608464763,0.0,中债综合指数
2013-01-22,1152232.8444171266,0.0,中债综合指数
2013-01-23,1152686.7280268436,0.0,中债综合指数
2013-01-24,1152587.3431674745,0.0,中债综合指数
2013-01-25,1152828.3710153932,0.0,中债综合指数
2013-01-28,1152893.3233250596,0.0,中债综合指数
2013-01-29,1152946.5372655091,0.0,中债综合指数
2013-01-30,1153111.6569924923,0.0,中债综合指数
2013-01-31,1153352.684840411,0.0,中债综合指数
2013-02-01,1153632.0580277713,0.0,中债综合指数
2013-02-04,1154043.6835083074,0.0,中债综合指数
2013-02-05,1154576.605470751,0.0,中债综合指数
2013-02-06,1154850.5007524765,0.0,中债综合指数
2013-02-07,1155140.047193158,0.0,中债综合指数
2013-02-08,1155577.4970859713,0.0,中债综合指数
2013-02-18,1157321.8187515903,0.0,中债综合指数
2013-02-19,1157738.9221377613,0.0,中债综合指数
2013-02-20,1158544.174266035,0.0,中债综合指数
2013-02-21,1158997.275317804,0.0,中债综合指数
2013-02-22,1159184.3066673253,0.0,中债综合指数
2013-02-25,1159422.9868414004,0.0,中债综合指数
2013-02-26,1158974.581137318,0.0,中债综合指数
2013-02-27,1159138.1357484057,0.0,中债综合指数
2013-02-28,1159093.529945382,0.0,中债综合指数
2013-03-01,1159331.4275615092,0.0,定期存款利率：3个月（月）
2013-03-04,1159331.4275615092,0.0,定期存款利率：3个月（月）
2013-03-05,1159331.4275615092,0.0,定期存款利率：3个月（月）
2013-03-06,1159331.4275615092,0.0,定期存款利率：3个月（月）
2013-03-07,1159331.4275615092,0.0,定期存款利率：3个月（月）
2013-03-08,1159331.4275615092,0.0,定期存款利率：3个月（月）
2013-03-11,1159331.4275615092,0.0,定期存款利率：3个月（月）
2013-03-12,1159331.4275615092,0.0,定期存款利率：3个月（月）
2013-03-13,1159331.4275615092,0.0,定期存款利率：3个月（月）
2013-03-14,1159331.4275615092,0.0,定期存款利率：3个月（月）
2013-03-15,1159331.4275615092,0.0,定期存款利率：3个月（月）
2013-03-18,1159331.4275615092,0.0,定期存款利率：3个月（月）
2013-03-19,1159331.4275615092,0.0,定期存款利率：3个月（月）
2013-03-20,1159331.4275615092,0.0,定期存款利率：3个月（月）
2013-03-21,1159331.4275615092,0.0,定期存款利率：3个月（月）
2013-03-22,1159331.4275615092,0.0,定期存款利率：3个月（月）
2013-03-25,1159331.4275615092,0.0,定期存款利率：3个月（月）
2013-03-26,1159331.4275615092,0.0,定期存款利率：3个月（月）
2013-03-27,1159331.4275615092,0.0,定期存款利率：3个月（月）
2013-03-28,1159331.4275615092,0.0,定期存款利率：3个月（月）
2013-03-29,1159331.4275615092,0.0,定期存款利率：3个月（月）
2013-04-01,1159331.4275615092,0.0,定期存款利率：3个月（月）
2013-04-02,1159331.4275615092,0.0,定期存款利率：3个月（月）
2013-04-03,1159331.4275615092,0.0,定期存款利率：3个月（月）
2013-04-08,1159331.4275615092,0.0,定期存款利率：3个月（月）
2013-04-09,1159331.4275615092,0.0,定期存款利率：3个月（月）
2013-04-10,1159331.4275615092,0.0,定期存款利率：3个月（月）
2013-04-11,1159331.4275615092,0.0,定期存款利率：3个月（月）
2013-04-12,1159331.4275615092,0.0,定期存款利率：3个月（月）
2013-04-15,1159331.4275615092,0.0,定期存款利率：3个月（月）
2013-04-16,1159331.4275615092,0.0,定期存款利率：3个月（月）
2013-04-17,1159331.4275615092,0.0,定期存款利率：3个月（月）
2013-04-18,1159331.4275615092,0.0,定期存款利率：3个月（月）
2013-04-19,1159331.4275615092,0.0,定期存款利率：3个月（月）
2013-04-22,1159331.4275615092,0.0,定期存款利率：3个月（月）
2013-04-23,1159331.4275615092,0.0,定期存款利率：3个月（月）
2013-04-24,1159331.4275615092,0.0,定期存款利率：3个月（月）
2013-04-25,1159331.4275615092,0.0,定期存款利率：3个月（月）
2013-04-26,1159331.4275615092,0.0,定期存款利率：3个月（月）
2013-05-02,1159331.4275615092,0.0,定期存款利率：3个月（月）
2013-05-03,1159331.4275615092,0.0,定期存款利率：3个月（月）
2013-05-06,1159331.4275615092,0.0,定期存款利率：3个月（月）
2013-05-07,1159331.4275615092,0.0,定期存款利率：3个月（月）
2013-05-08,1159331.4275615092,0.0,定期存款利率：3个月（月）
2013-05-09,1159331.4275615092,0.0,定期存款利率：3个月（月）
2013-05-10,1159331.4275615092,0.0,定期存款利率：3个月（月）
2013-05-13,1159331.4275615092,0.0,定期存款利率：3个月（月）
2013-05-14,1159331.4275615092,0.0,定期存款利率：3个月（月）
2013-05-15,1159331.4275615092,0.0,定期存款利率：3个月（月）
2013-05-16,1159331.4275615092,0.0,定期存款利率：3个月（月）
2013-05-17,1159331.4275615092,0.0,定期存款利率：3个月（月）
2013-05-20,1159331.4275615092,0.0,定期存款利率：3个月（月）
2013-05-21,1159331.4275615092,0.0,定期存款利率：3个月（月）
2013-05-22,1159331.4275615092,0.0,定期存款利率：3个月（月）
2013-05-23,1159331.4275615092,0.0,定期存款利率：3个月（月）
2013-05-24,1159331.4275615092,0.0,定期存款利率：3个月（月）
2013-05-27,1159331.4275615092,0.0,定期存款利率：3个月（月）
2013-05-28,1159331.4275615092,0.0,定期存款利率：3个月（月）
2013-05-29,1159331.4275615092,0.0,定期存款利率：3个月（月）
2013-05-30,1159331.4275615092,0.0,定期存款利率：3个月（月）
2013-05-31,1159331.4275615092,0.0,定期存款利率：3个月（月）
2013-06-03,1159331.4275615092,0.0,中债综合指数
2013-06-04,1159134.9886813725,0.0,中债综合指数
2013-06-05,1158975.5265316148,0.0,中债综合指数
2013-06-06,1158517.1691446295,0.0,中债综合指数
2013-06-07,1157834.6403297237,0.0,中债综合指数
2013-06-13,1158509.4656591339,0.0,中债综合指数
2013-06-14,1157749.9019892726,0.0,中债综合指数
2013-06-17,1157532.663698298,0.0,中债综合指数
2013-06-18,1157018.8412157446,0.0,中债综合指数
2013-06-19,1154713.9583554761,0.0,中债综合指数
2013-06-20,1147966.4754099238,0.0,中债综合指数
2013-06-21,1148296.1845891334,0.0,中债综合指数
2013-06-24,1148220.6904312768,0.0,中债综合指数
2013-06-25,1148727.579776884,0.0,中债综合指数
2013-06-26,1152731.851537471,0.0,中债综合指数
2013-06-27,1154247.1271344456,0.0,中债综合指数
2013-06-28,1155587.5336106713,0.0,中债综合指数
2013-07-01,1156196.8793133693,0.0,中债综合指数
2013-07-02,1157105.8906018443,0.0,中债综合指数
2013-07-03,1157726.7915327856,0.0,中债综合指数
2013-07-04,1158607.2999249268,0.0,中债综合指数
2013-07-05,1159056.4131293173,0.0,中债综合指数
2013-07-08,1159180.4392457956,0.0,中债综合指数
2013-07-09,1159023.2881416865,0.0,中债综合指数
2013-07-10,1157908.5937904804,0.0,中债综合指数
2013-07-11,1157022.6929584923,0.0,中债综合指数
2013-07-12,1156142.9549149005,0.0,中债综合指数
2013-07-15,1156209.9752387118,0.0,中债综合指数
2013-07-16,1155771.6469140148,0.0,中债综合指数
2013-07-17,1154982.039650721,0.0,中债综合指数
2013-07-18,1154505.964247096,0.0,中债综合指数
2013-07-19,1153985.9789761466,0.0,中债综合指数
2013-07-22,1152578.5521761095,0.0,中债综合指数
2013-07-23,1150706.605200691,0.0,中债综合指数
2013-07-24,1149297.637703555,0.0,中债综合指数
2013-07-25,1150459.323316284,0.0,中债综合指数
2013-07-26,1151206.561409352,0.0,中债综合指数
2013-07-29,1151165.7329362258,0.0,中债综合指数
2013-07-30,1151490.8200241379,0.0,中债综合指数
2013-07-31,1151887.5495271587,0.0,中债综合指数
2013-08-01,1152916.7351893643,0.0,中债综合指数
2013-08-02,1153851.1679799745,0.0,中债综合指数
2013-08-05,1153982.8975819484,0.0,中债综合指数
2013-08-06,1153768.7406851721,0.0,中债综合指数
2013-08-07,1152873.5956705892,0.0,中债综合指数
2013-08-08,1151101.7940066126,0.0,中债综合指数
2013-08-09,1150308.335000571,0.0,中债综合指数
2013-08-12,1149806.0677462611,0.0,中债综合指数
2013-08-13,1147240.807076243,0.0,中债综合指数
2013-08-14,1145738.6274046106,0.0,中债综合指数
2013-08-15,1144512.232513719,0.0,中债综合指数
2013-08-16,1144439.0494015114,0.0,中债综合指数
2013-08-19,1143531.5788101356,0.0,中债综合指数
2013-08-20,1141570.2714029683,0.0,中债综合指数
2013-08-21,1142057.1316862872,0.0,中债综合指数
2013-08-22,1142087.1752797198,0.0,中债综合指数
2013-08-23,1143288.9190170257,0.0,中债综合指数
2013-08-26,1144328.1192103755,0.0,中债综合指数
2013-08-27,1144532.2615760076,0.0,中债综合指数
2013-08-28,1143861.2879893451,0.0,中债综合指数
2013-08-29,1143668.7008519564,0.0,中债综合指数
2013-08-30,1143772.6979061465,0.0,中债综合指数
2013-09-02,1143868.9914748408,0.0,中债综合指数
2013-09-03,1143611.6950592895,0.0,中债综合指数
2013-09-04,1142975.3871573568,0.0,中债综合指数
2013-09-05,1142766.6227004274,0.0,中债综合指数
2013-09-06,1143067.058634754,0.0,中债综合指数
2013-09-09,1143171.8260374935,0.0,中债综合指数
2013-09-10,1142765.0820033285,0.0,中债综合指数
2013-09-11,1141794.4428308893,0.0,中债综合指数
2013-09-12,1141372.2918257331,0.0,中债综合指数
2013-09-13,1140527.9898154212,0.0,中债综合指数
2013-09-16,1140349.2689519243,0.0,中债综合指数
2013-09-17,1140705.9403303682,0.0,中债综合指数
2013-09-18,1140792.9897164677,0.0,中债综合指数
2013-09-23,1142539.369878309,0.0,中债综合指数
2013-09-24,1142061.753777585,0.0,中债综合指数
2013-09-25,1142478.5123428944,0.0,中债综合指数
2013-09-26,1143403.7009509099,0.0,中债综合指数
2013-09-27,1143390.6050255673,0.0,中债综合指数
2013-09-30,1143788.1048771378,0.0,中债综合指数
2013-10-08,1145098.467759931,0.0,定期存款利率：3个月（月）
2013-10-09,1145098.467759931,0.0,定期存款利率：3个月（月）
2013-10-10,1145098.467759931,0.0,定期存款利率：3个月（月）
2013-10-11,1145098.467759931,0.0,定期存款利率：3个月（月）
2013-10-14,1145098.467759931,0.0,定期存款利率：3个月（月）
2013-10-15,1145098.467759931,0.0,定期存款利率：3个月（月）
2013-10-16,1145098.467759931,0.0,定期存款利率：3个月（月）
2013-10-17,1145098.467759931,0.0,定期存款利率：3个月（月）
2013-10-18,1145098.467759931,0.0,定期存款利率：3个月（月）
2013-10-21,1145098.467759931,0.0,定期存款利率：3个月（月）
2013-10-22,1145098.467759931,0.0,定期存款利率：3个月（月）
2013-10-23,1145098.467759931,0.0,定期存款利率：3个月（月）
2013-10-24,1145098.467759931,0.0,定期存款利率：3个月（月）
2013-10-25,1145098.467759931,0.0,定期存款利率：3个月（月）
2013-10-28,1145098.467759931,0.0,定期存款利率：3个月（月）
2013-10-29,1145098.467759931,0.0,定期存款利率：3个月（月）
2013-10-30,1145098.467759931,0.0,定期存款利率：3个月（月）
2013-10-31,1145098.467759931,0.0,定期存款利率：3个月（月）
2013-11-01,1145098.467759931,0.0,定期存款利率：3个月（月）
2013-11-04,1145098.467759931,0.0,定期存款利率：3个月（月）
2013-11-05,1145098.467759931,0.0,定期存款利率：3个月（月）
2013-11-06,1145098.467759931,0.0,定期存款利率：3个月（月）
2013-11-07,1145098.467759931,0.0,定期存款利率：3个月（月）
2013-11-08,1145098.467759931,0.0,定期存款利率：3个月（月）
2013-11-11,1145098.467759931,0.0,定期存款利率：3个月（月）
2013-11-12,1145098.467759931,0.0,定期存款利率：3个月（月）
2013-11-13,1145098.467759931,0.0,定期存款利率：3个月（月）
2013-11-14,1145098.467759931,0.0,定期存款利率：3个月（月）
2013-11-15,1145098.467759931,0.0,定期存款利率：3个月（月）
2013-11-18,1145098.467759931,0.0,定期存款利率：3个月（月）
2013-11-19,1145098.467759931,0.0,定期存款利率：3个月（月）
2013-11-20,1145098.467759931,0.0,定期存款利率：3个月（月）
2013-11-21,1145098.467759931,0.0,定期存款利率：3个月（月）
2013-11-22,1145098.467759931,0.0,定期存款利率：3个月（月）
2013-11-25,1145098.467759931,0.0,定期存款利率：3个月（月）
2013-11-26,1145098.467759931,0.0,定期存款利率：3个月（月）
2013-11-27,1145098.467759931,0.0,定期存款利率：3个月（月）
2013-11-28,1145098.467759931,0.0,定期存款利率：3个月（月）
2013-11-29,1145098.467759931,0.0,定期存款利率：3个月（月）
2013-12-02,1145098.467759931,0.0,定期存款利率：3个月（月）
2013-12-03,1145098.467759931,0.0,定期存款利率：3个月（月）
2013-12-04,1145098.467759931,0.0,定期存款利率：3个月（月）
2013-12-05,1145098.467759931,0.0,定期存款利率：3个月（月）
2013-12-06,1145098.467759931,0.0,定期存款利率：3个月（月）
2013-12-09,1145098.467759931,0.0,定期存款利率：3个月（月）
2013-12-10,1145098.467759931,0.0,定期存款利率：3个月（月）
2013-12-11,1145098.467759931,0.0,定期存款利率：3个月（月）
2013-12-12,1145098.467759931,0.0,定期存款利率：3个月（月）
2013-12-13,1145098.467759931,0.0,定期存款利率：3个月（月）
2013-12-16,1145098.467759931,0.0,定期存款利率：3个月（月）
2013-12-17,1145098.467759931,0.0,定期存款利率：3个月（月）
2013-12-18,1145098.467759931,0.0,定期存款利率：3个月（月）
2013-12-19,1145098.467759931,0.0,定期存款利率：3个月（月）
2013-12-20,1145098.467759931,0.0,定期存款利率：3个月（月）
2013-12-23,1145098.467759931,0.0,定期存款利率：3个月（月）
2013-12-24,1145098.467759931,0.0,定期存款利率：3个月（月）
2013-12-25,1145098.467759931,0.0,定期存款利率：3个月（月）
2013-12-26,1145098.467759931,0.0,定期存款利率：3个月（月）
2013-12-27,1145098.467759931,0.0,定期存款利率：3个月（月）
2013-12-30,1145098.467759931,0.0,定期存款利率：3个月（月）
2013-12-31,1145098.467759931,0.0,定期存款利率：3个月（月）
2014-01-02,1145098.467759931,0.0,定期存款利率：3个月（月）
2014-01-03,1145098.467759931,0.0,定期存款利率：3个月（月）
2014-01-06,1145098.467759931,0.0,定期存款利率：3个月（月）
2014-01-07,1145098.467759931,0.0,定期存款利率：3个月（月）
2014-01-08,1145098.467759931,0.0,定期存款利率：3个月（月）
2014-01-09,1145098.467759931,0.0,定期存款利率：3个月（月）
2014-01-10,1145098.467759931,0.0,定期存款利率：3个月（月）
2014-01-13,1145098.467759931,0.0,定期存款利率：3个月（月）
2014-01-14,1145098.467759931,0.0,定期存款利率：3个月（月）
2014-01-15,1145098.467759931,0.0,定期存款利率：3个月（月）
2014-01-16,1145098.467759931,0.0,定期存款利率：3个月（月）
2014-01-17,1145098.467759931,0.0,定期存款利率：3个月（月）
2014-01-20,1145098.467759931,0.0,定期存款利率：3个月（月）
2014-01-21,1145098.467759931,0.0,定期存款利率：3个月（月）
2014-01-22,1145098.467759931,0.0,定期存款利率：3个月（月）
2014-01-23,1145098.467759931,0.0,定期存款利率：3个月（月）
2014-01-24,1145098.467759931,0.0,定期存款利率：3个月（月）
2014-01-27,1145098.467759931,0.0,定期存款利率：3个月（月）
2014-01-28,1145098.467759931,0.0,定期存款利率：3个月（月）
2014-01-29,1145098.467759931,0.0,定期存款利率：3个月（月）
2014-01-30,1145098.467759931,0.0,定期存款利率：3个月（月）
2014-02-07,1145098.467759931,0.0,定期存款利率：3个月（月）
2014-02-10,1145098.467759931,0.0,定期存款利率：3个月（月）
2014-02-11,1145098.467759931,0.0,定期存款利率：3个月（月）
2014-02-12,1145098.467759931,0.0,定期存款利率：3个月（月）
2014-02-13,1145098.467759931,0.0,定期存款利率：3个月（月）
2014-02-14,1145098.467759931,0.0,定期存款利率：3个月（月）
2014-02-17,1145098.467759931,0.0,定期存款利率：3个月（月）
2014-02-18,1145098.467759931,0.0,定期存款利率：3个月（月）
2014-02-19,1145098.467759931,0.0,定期存款利率：3个月（月）
2014-02-20,1145098.467759931,0.0,定期存款利率：3个月（月）
2014-02-21,1145098.467759931,0.0,定期存款利率：3个月（月）
2014-02-24,1145098.467759931,0.0,定期存款利率：3个月（月）
2014-02-25,1145098.467759931,0.0,定期存款利率：3个月（月）
2014-02-26,1145098.467759931,0.0,定期存款利率：3个月（月）
2014-02-27,1145098.467759931,0.0,定期存款利率：3个月（月）
2014-02-28,1145098.467759931,0.0,定期存款利率：3个月（月）
2014-03-03,1145098.467759931,0.0,HS300收盘价
2014-03-04,1141909.4628642579,0.0,HS300收盘价
2014-03-05,1131302.100678486,0.0,HS300收盘价
2014-03-06,1136347.0018659034,0.0,HS300收盘价
2014-03-07,1133591.910751117,0.0,HS300收盘价
2014-03-10,1096698.7836219934,0.0,HS300收盘价
2014-03-11,1102381.4857885453,0.0,HS300收盘价
2014-03-12,1105241.134440895,0.0,HS300收盘价
2014-03-13,1118938.1718616548,0.0,HS300收盘价
2014-03-14,1109794.615201766,0.0,HS300收盘价
2014-03-17,1120354.9264956343,0.0,HS300收盘价
2014-03-18,1117788.0389484614,0.0,HS300收盘价
2014-03-19,1108764.7234567697,0.0,HS300收盘价
2014-03-20,1091042.2208398322,0.0,HS300收盘价
2014-03-21,1128594.060455603,0.0,HS300收盘价
2014-03-24,1137873.541914324,0.0,HS300收盘价
2014-03-25,1136770.4598930338,0.0,HS300收盘价
2014-03-26,1134998.20963134,0.0,HS300收盘价
2014-03-27,1126978.6465002538,0.0,HS300收盘价
2014-03-28,1125023.4205478246,0.0,HS300收盘价
2014-03-31,1122064.4422347902,0.0,HS300收盘价
2014-04-01,1130852.5032669648,0.0,HS300收盘价
2014-04-02,1140058.7944493918,0.0,HS300收盘价
2014-04-03,1131840.5719969359,0.0,HS300收盘价
2014-04-04,1142536.808089636,0.0,HS300收盘价
2014-04-08,1169643.349702858,0.0,HS300收盘价
2014-04-09,1170322.9736970176,0.0,HS300收盘价
2014-04-10,1188693.7330468465,0.0,HS300收盘价
2014-04-11,1187078.3190914972,0.0,HS300收盘价
2014-04-14,1186001.3764545978,0.0,HS300收盘价
2014-04-15,1165534.2384766298,0.0,HS300收盘价
2014-04-16,1167139.1966782229,0.0,HS300收盘价
2014-04-17,1163098.047851411,0.0,HS300收盘价
2014-04-18,1162930.7557913098,0.0,HS300收盘价
2014-04-21,1143467.3701739474,0.0,HS300收盘价
2014-04-22,1148459.9925925834,0.0,HS300收盘价
2014-04-23,1147346.4548175368,0.0,HS300收盘价
2014-04-24,1145150.7465287126,0.0,HS300收盘价
2014-04-25,1133314.8332765747,0.0,HS300收盘价
2014-04-28,1116136.029854965,0.0,HS300收盘价
2014-04-29,1128421.5405186238,0.0,HS300收盘价
2014-04-30,1128520.8701793088,0.0,HS300收盘价
2014-05-05,1127375.9651429933,0.0,CRB现货指数：综合
2014-05-06,1130131.1806988872,0.0,CRB现货指数：综合
2014-05-07,1128249.5700753499,0.0,CRB现货指数：综合
2014-05-08,1126703.9613488726,0.0,CRB现货指数：综合
2014-05-09,1122559.9379517965,0.0,CRB现货指数：综合
2014-05-12,1122447.9373194429,0.0,CRB现货指数：综合
2014-05-13,1126323.159198871,0.0,CRB现货指数：综合
2014-05-14,1125046.3519900423,0.0,CRB现货指数：综合
2014-05-15,1122156.735675324,0.0,CRB现货指数：综合
2014-05-16,1121103.929731202,0.0,CRB现货指数：综合
2014-05-19,1118908.7173370752,0.0,CRB现货指数：综合
2014-05-20,1119961.5232811973,0.0,CRB现货指数：综合
2014-05-21,1117878.3115194237,0.0,CRB现货指数：综合
2014-05-22,1117004.706587067,0.0,CRB现货指数：综合
2014-05-23,1116220.7021605931,0.0,CRB现货指数：综合
2014-05-26,1116220.7021605931,0.0,CRB现货指数：综合
2014-05-27,1117743.9107605997,0.0,CRB现货指数：综合
2014-05-28,1118281.513795896,0.0,CRB现货指数：综合
2014-05-29,1119222.3191076645,0.0,CRB现货指数：综合
2014-05-30,1115503.8981135313,0.0,CRB现货指数：综合
2014-06-03,1114047.889892937,0.0,CRB现货指数：综合
2014-06-04,1114047.889892937,0.0,CRB现货指数：综合
2014-06-05,1112927.8835694029,0.0,CRB现货指数：综合
2014-06-06,1113711.8879958766,0.0,CRB现货指数：综合
2014-06-09,1113465.4866046992,0.0,CRB现货指数：综合
2014-06-10,1115100.695837059,0.0,CRB现货指数：综合
2014-06-11,1101772.6205870027,0.0,CRB现货指数：综合
2014-06-12,1101503.8190693546,0.0,CRB现货指数：综合
2014-06-13,1103161.4284281852,0.0,CRB现货指数：综合
2014-06-16,1101571.0194487667,0.0,CRB现货指数：综合
2014-06-17,1100137.411354643,0.0,CRB现货指数：综合
2014-06-18,1106028.6446164327,0.0,CRB现货指数：综合
2014-06-19,1109679.865231154,0.0,CRB现货指数：综合
2014-06-20,1109679.865231154,0.0,CRB现货指数：综合
2014-06-23,1114092.6901458786,0.0,CRB现货指数：综合
2014-06-24,1113622.2874899942,0.0,CRB现货指数：综合
2014-06-25,1113219.085213522,0.0,CRB现货指数：综合
2014-06-26,1111897.4777517517,0.0,CRB现货指数：综合
2014-06-27,1113801.4885017597,0.0,CRB现货指数：综合
2014-06-30,1111942.2780046929,0.0,CRB现货指数：综合
2014-07-01,1113487.8867311701,0.0,CRB现货指数：综合
2014-07-02,1112972.6838223445,0.0,CRB现货指数：综合
2014-07-03,1111046.2729458658,0.0,CRB现货指数：综合
2014-07-04,1111046.2729458658,0.0,CRB现货指数：综合
2014-07-07,1108156.6566311475,0.0,CRB现货指数：综合
2014-07-08,1106275.0460076102,0.0,CRB现货指数：综合
2014-07-09,1102332.6237487702,0.0,CRB现货指数：综合
2014-07-10,1101683.0200811203,0.0,CRB现货指数：综合
2014-07-11,1095903.7874516842,0.0,CRB现货指数：综合
2014-07-14,1097471.796304632,0.0,CRB现货指数：综合
2014-07-15,1096620.591498746,0.0,CRB现货指数：综合
2014-07-16,1094962.9821399155,0.0,CRB现货指数：综合
2014-07-17,1096284.5896016858,0.0,CRB现货指数：综合
2014-07-18,1096284.5896016858,0.0,CRB现货指数：综合
2014-07-21,1095052.5826457983,0.0,CRB现货指数：综合
2014-07-22,1095052.5826457983,0.0,CRB现货指数：综合
2014-07-23,1097337.3955458081,0.0,CRB现货指数：综合
2014-07-24,1098591.8026281663,0.0,CRB现货指数：综合
2014-07-25,1098614.202754637,0.0,CRB现货指数：综合
2014-07-28,1099667.0086987591,0.0,CRB现货指数：综合
2014-07-29,1098412.6016164008,0.0,CRB现货指数：综合
2014-07-30,1094783.7811281502,0.0,CRB现货指数：综合
2014-07-31,1094178.977713442,0.0,CRB现货指数：综合
2014-08-01,1091490.96253696,0.0,HS300收盘价
2014-08-04,1113148.34739506,0.0,HS300收盘价
2014-08-05,1110210.4027161268,0.0,HS300收盘价
2014-08-06,1107338.0580778716,0.0,HS300收盘价
2014-08-07,1090581.9334018512,0.0,HS300收盘价
2014-08-08,1092301.5916110512,0.0,HS300收盘价
2014-08-11,1108336.1158396143,0.0,HS300收盘价
2014-08-12,1104446.9705708514,0.0,HS300收盘价
2014-08-13,1105313.8282512382,0.0,HS300收盘价
2014-08-14,1094560.1072972484,0.0,HS300收盘价
2014-08-15,1106129.1430425209,0.0,HS300收盘价
2014-08-18,1112651.6613727838,0.0,HS300收盘价
2014-08-19,1112750.0614338007,0.0,HS300收盘价
2014-08-20,1108706.2874977253,0.0,HS300收盘价
2014-08-21,1103130.284040101,0.0,HS300收盘价
2014-08-22,1108340.8015568056,0.0,HS300收盘价
2014-08-25,1097797.9378764238,0.0,HS300收盘价
2014-08-26,1089002.8467083897,0.0,HS300收盘价
2014-08-27,1090647.5334425292,0.0,HS300收盘价
2014-08-28,1083000.442986359,0.0,HS300收盘价
2014-08-29,1095656.5651200083,0.0,HS300收盘价
2014-09-01,1103636.3414967598,0.0,HS300收盘价
2014-09-02,1118227.6648304083,0.0,HS300收盘价
2014-09-03,1128714.2999044948,0.0,HS300收盘价
2014-09-04,1136858.0763829406,0.0,HS300收盘价
2014-09-05,1147653.968791652,0.0,HS300收盘价
2014-09-09,1145760.9390463743,0.0,HS300收盘价
2014-09-10,1139767.906758726,0.0,HS300收盘价
2014-09-11,1135560.1327209559,0.0,HS300收盘价
2014-09-12,1142546.5370531557,0.0,HS300收盘价
2014-09-15,1141998.3081417757,0.0,HS300收盘价
2014-09-16,1119310.0655015938,0.0,HS300收盘价
2014-09-17,1125195.3262938424,0.0,HS300收盘价
2014-09-18,1128629.9569950514,0.0,HS300收盘价
2014-09-19,1136384.8189466214,0.0,HS300收盘价
2014-09-22,1114694.6340681824,0.0,HS300收盘价
2014-09-23,1124319.0971790734,0.0,HS300收盘价
2014-09-24,1144186.5380701043,0.0,HS300收盘价
2014-09-25,1141895.222363568,0.0,HS300收盘价
2014-09-26,1142002.9938589674,0.0,HS300收盘价
2014-09-29,1146969.8540817252,0.0,HS300收盘价
2014-09-30,1148464.5978657436,0.0,HS300收盘价
2014-10-08,1161298.777252662,0.0,HS300收盘价
2014-10-09,1162976.2640071404,0.0,HS300收盘价
2014-10-10,1155868.0310279673,0.0,HS300收盘价
2014-10-13,1150320.1418734908,0.0,HS300收盘价
2014-10-14,1146388.8251500062,0.0,HS300收盘价
2014-10-15,1154499.8016081133,0.0,HS300收盘价
2014-10-16,1145376.7102366898,0.0,HS300收盘价
2014-10-17,1144125.6237466177,0.0,HS300收盘价
2014-10-20,1150207.6846609002,0.0,HS300收盘价
2014-10-21,1140217.7356090893,0.0,HS300收盘价
2014-10-22,1133306.30275195,0.0,HS300收盘价
2014-10-23,1122669.7247277426,0.0,HS300收盘价
2014-10-24,1120219.0946367027,0.0,HS300收盘价
2014-10-27,1109966.74542218,0.0,HS300收盘价
2014-10-28,1132373.845030885,0.0,HS300收盘价
2014-10-29,1148647.3408362032,0.0,HS300收盘价
2014-10-30,1156870.774506901,0.0,HS300收盘价
2014-10-31,1175332.5002405476,0.0,HS300收盘价
2014-11-03,1177309.8728952683,0.0,HS300收盘价
2014-11-04,1177600.3873611277,0.0,HS300收盘价
2014-11-05,1173045.8702512025,0.0,HS300收盘价
2014-11-06,1174273.5281553182,0.0,HS300收盘价
2014-11-07,1172436.727016336,0.0,HS300收盘价
2014-11-10,1202228.5169184995,0.0,HS300收盘价
2014-11-11,1198892.2862783077,0.0,HS300收盘价
2014-11-12,1215624.9823683714,0.0,HS300收盘价
2014-11-13,1208797.8924206751,0.0,HS300收盘价
2014-11-14,1209425.7785243068,0.0,HS300收盘价
2014-11-17,1202870.460173705,0.0,HS300收盘价
2014-11-18,1190837.5384264956,0.0,HS300收盘价
2014-11-19,1188869.5372061576,0.0,HS300收盘价
2014-11-20,1188813.3085998623,0.0,HS300收盘价
2014-11-21,1210536.2934986404,0.0,HS300收盘价
2014-11-24,1241368.3126172684,0.0,HS300收盘价
2014-11-25,1258377.4660216176,0.0,HS300收盘价
2014-11-26,1275930.1626201558,0.0,HS300收盘价
2014-11-27,1290676.1146211165,0.0,HS300收盘价
2014-11-28,1316133.6161213457,0.0,HS300收盘价
2014-12-01,1321283.219314563,0.0,HS300收盘价
2014-12-02,1370075.5924273706,0.0,HS300收盘价
2014-12-03,1390510.0050985464,0.0,HS300收盘价
2014-12-04,1454610.6162752681,0.0,HS300收盘价
2014-12-05,1464235.079386159,0.0,HS300收盘价
2014-12-08,1524207.5737173627,0.0,HS300收盘价
2014-12-09,1455810.159876236,0.0,HS300收盘价
2014-12-10,1509527.2217570797,0.0,HS300收盘价
2014-12-11,1491468.4677018833,0.0,HS300收盘价
2014-12-12,1496257.2706713723,0.0,HS300收盘价
2014-12-15,1507502.9919304464,0.0,HS300收盘价
2014-12-16,1547879.8169677134,0.0,HS300收盘价
2014-12-17,1574682.1193018397,0.0,HS300收盘价
2014-12-18,1567808.1721822307,0.0,HS300收盘价
2014-12-19,1585257.7830025607,0.0,HS300收盘价
2014-12-22,1590557.3291458993,0.0,HS300收盘价
2014-12-23,1557963.48036335,0.0,HS300收盘价
2014-12-24,1513669.395754172,0.0,HS300收盘价
2014-12-25,1562883.4834141948,0.0,HS300收盘价
2014-12-26,1614623.1726403178,0.0,HS300收盘价
2014-12-29,1619130.8325783298,0.0,HS300收盘价
2014-12-30,1620110.1474713075,0.0,HS300收盘价
2014-12-31,1655796.5696001023,0.0,HS300收盘价
2015-01-05,1706322.6580736835,0.0,定期存款利率：3个月（月）
2015-01-06,1706322.6580736835,0.0,定期存款利率：3个月（月）
2015-01-07,1706322.6580736835,0.0,定期存款利率：3个月（月）
2015-01-08,1706322.6580736835,0.0,定期存款利率：3个月（月）
2015-01-09,1706322.6580736835,0.0,定期存款利率：3个月（月）
2015-01-12,1706322.6580736835,0.0,定期存款利率：3个月（月）
2015-01-13,1706322.6580736835,0.0,定期存款利率：3个月（月）
2015-01-14,1706322.6580736835,0.0,定期存款利率：3个月（月）
2015-01-15,1706322.6580736835,0.0,定期存款利率：3个月（月）
2015-01-16,1706322.6580736835,0.0,定期存款利率：3个月（月）
2015-01-19,1706322.6580736835,0.0,定期存款利率：3个月（月）
2015-01-20,1706322.6580736835,0.0,定期存款利率：3个月（月）
2015-01-21,1706322.6580736835,0.0,定期存款利率：3个月（月）
2015-01-22,1706322.6580736835,0.0,定期存款利率：3个月（月）
2015-01-23,1706322.6580736835,0.0,定期存款利率：3个月（月）
2015-01-26,1706322.6580736835,0.0,定期存款利率：3个月（月）
2015-01-27,1706322.6580736835,0.0,定期存款利率：3个月（月）
2015-01-28,1706322.6580736835,0.0,定期存款利率：3个月（月）
2015-01-29,1706322.6580736835,0.0,定期存款利率：3个月（月）
2015-01-30,1706322.6580736835,0.0,定期存款利率：3个月（月）
2015-02-02,1706322.6580736835,0.0,中债综合指数
2015-02-03,1706910.4923749303,0.0,中债综合指数
2015-02-04,1707142.0634633002,0.0,中债综合指数
2015-02-05,1710049.7999801629,0.0,中债综合指数
2015-02-06,1709399.095700173,0.0,中债综合指数
2015-02-09,1710796.9048942253,0.0,中债综合指数
2015-02-10,1711053.6239740923,0.0,中债综合指数
2015-02-11,1712961.7278289415,0.0,中债综合指数
2015-02-12,1714218.079570822,0.0,中债综合指数
2015-02-13,1715844.3163543069,0.0,中债综合指数
2015-02-16,1718028.0002826464,0.0,中债综合指数
2015-02-17,1718601.1649221864,0.0,中债综合指数
2015-02-25,1720563.7560919463,0.0,中债综合指数
2015-02-26,1720214.8277099228,0.0,中债综合指数
2015-02-27,1719666.8110618799,0.0,中债综合指数
2015-03-02,1719061.163599989,0.0,中债综合指数
2015-03-03,1717609.9149240055,0.0,中债综合指数
2015-03-04,1717428.6398186297,0.0,中债综合指数
2015-03-05,1715179.9902455895,0.0,中债综合指数
2015-03-06,1713609.288609994,0.0,中债综合指数
2015-03-09,1712730.1567405716,0.0,中债综合指数
2015-03-10,1712132.8919425134,0.0,中债综合指数
2015-03-11,1715362.3131839442,0.0,中债综合指数
2015-03-12,1716308.5063640259,0.0,中债综合指数
2015-03-13,1714923.2711657225,0.0,中债综合指数
2015-03-16,1713306.464879049,0.0,中债综合指数
2015-03-17,1712611.751613939,0.0,中债综合指数
2015-03-18,1712032.2999765247,0.0,中债综合指数
2015-03-19,1711678.1324296058,0.0,中债综合指数
2015-03-20,1712919.8145097797,0.0,中债综合指数
2015-03-23,1712986.8758204384,0.0,中债综合指数
2015-03-24,1711660.319268962,0.0,中债综合指数
2015-03-25,1710685.834598446,0.0,中债综合指数
2015-03-26,1707124.2503026566,0.0,中债综合指数
2015-03-27,1705381.704058497,0.0,中债综合指数
2015-03-30,1703111.0499928966,0.0,中债综合指数
2015-03-31,1699281.2204544705,0.0,中债综合指数
2015-04-01,1702040.164688308,2.3283064365386963e-10,CRB现货指数：综合
2015-04-02,1698593.7426018696,-2.3283064365386963e-10,CRB现货指数：综合
2015-04-03,1698593.7426018696,-2.3283064365386963e-10,CRB现货指数：综合
2015-04-07,1703517.2027253532,2.3283064365386963e-10,CRB现货指数：综合
2015-04-08,1702778.6837068307,-2.3283064365386963e-10,CRB现货指数：综合
2015-04-09,1704994.2407623983,2.3283064365386963e-10,CRB现货指数：综合
2015-04-10,1705240.4137685727,0.0,CRB现货指数：综合
2015-04-13,1703230.000884817,0.0,CRB现货指数：综合
2015-04-14,1698511.684933145,0.0,CRB现货指数：综合
2015-04-15,1696665.3873868387,0.0,CRB现货指数：综合
2015-04-16,1693998.513153285,0.0,CRB现货指数：综合
2015-04-17,1696090.9837057656,0.0,CRB现货指数：综合
2015-04-20,1696993.6180617376,0.0,CRB现货指数：综合
2015-04-21,1696542.3008837516,0.0,CRB现货指数：综合
2015-04-22,1697280.8199022743,0.0,CRB现货指数：综合
2015-04-23,1702122.222357033,0.0,CRB现货指数：综合
2015-04-24,1706758.4806399802,0.0,CRB现货指数：综合
2015-04-27,1710369.0180638684,0.0,CRB现货指数：综合
2015-04-28,1715251.4493529897,0.0,CRB现货指数：综合
2015-04-29,1720092.8518077487,0.0,CRB现货指数：综合
2015-04-30,1727929.35917096,0.0,CRB现货指数：综合
2015-05-04,1734493.9726689383,0.0,HS300收盘价
2015-05-05,1665335.0585711596,0.0,HS300收盘价
2015-05-06,1649572.3327859612,0.0,HS300收盘价
2015-05-07,1619416.292924782,0.0,HS300收盘价
2015-05-08,1651409.083411816,0.0,HS300收盘价
2015-05-11,1699276.9059353338,0.0,HS300收盘价
2015-05-12,1719886.914437286,0.0,HS300收盘价
2015-05-13,1709388.0913332857,0.0,HS300收盘价
2015-05-14,1702990.2577923387,0.0,HS300收盘价
2015-05-15,1672808.858455063,0.0,HS300收盘价
2015-05-18,1657473.6209812078,0.0,HS300收盘价
2015-05-19,1714018.0071120686,0.0,HS300收盘价
2015-05-20,1722604.0011619239,0.0,HS300收盘价
2015-05-21,1753781.6656315667,0.0,HS300收盘价
2015-05-22,1793762.6910890362,0.0,HS300收盘价
2015-05-25,1847437.8336386795,0.0,HS300收盘价
2015-05-26,1883455.5352604773,0.0,HS300收盘价
2015-05-27,1877119.2890186221,0.0,HS300收盘价
2015-05-28,1751256.5863688036,0.0,HS300收盘价
2015-05-29,1753727.323897074,0.0,HS300收盘价
2015-06-01,1838989.505316206,0.0,HS300收盘价
2015-06-02,1870033.126840767,0.0,HS300收盘价
2015-06-03,1863410.68079725,0.0,HS300收盘价
2015-06-04,1877115.6662363226,0.0,HS300收盘价
2015-06-05,1894914.3956738496,0.0,HS300收盘价
2015-06-08,1939547.0736038985,0.0,HS300收盘价
2015-06-09,1926399.9966389516,0.0,HS300收盘价
2015-06-10,1923374.9734188546,0.0,HS300收盘价
2015-06-11,1922462.0322793766,0.0,HS300收盘价
2015-06-12,1932797.8301798983,0.0,HS300收盘价
2015-06-15,1891516.2258769027,0.0,HS300收盘价
2015-06-16,1834874.0246239547,0.0,HS300收盘价
2015-06-17,1861686.2364226799,0.0,HS300收盘价
2015-06-18,1786230.9266883405,0.0,HS300收盘价
2015-06-19,1679902.2661975173,0.0,HS300收盘价
2015-06-23,1733896.2135895183,0.0,HS300收盘价
2015-06-24,1767964.8583341758,0.0,HS300收盘价
2015-06-25,1705069.7348322617,0.0,HS300收盘价
2015-06-26,1570910.860716549,0.0,HS300收盘价
2015-06-29,1518507.3147540363,0.0,HS300收盘价
2015-06-30,1620470.5225739414,0.0,HS300收盘价
2015-07-01,1540776.5575491672,0.0,定期存款利率：3个月（月）
2015-07-02,1540776.5575491672,0.0,定期存款利率：3个月（月）
2015-07-03,1540776.5575491672,0.0,定期存款利率：3个月（月）
2015-07-06,1540776.5575491672,0.0,定期存款利率：3个月（月）
2015-07-07,1540776.5575491672,0.0,定期存款利率：3个月（月）
2015-07-08,1540776.5575491672,0.0,定期存款利率：3个月（月）
2015-07-09,1540776.5575491672,0.0,定期存款利率：3个月（月）
2015-07-10,1540776.5575491672,0.0,定期存款利率：3个月（月）
2015-07-13,1540776.5575491672,0.0,定期存款利率：3个月（月）
2015-07-14,1540776.5575491672,0.0,定期存款利率：3个月（月）
2015-07-15,1540776.5575491672,0.0,定期存款利率：3个月（月）
2015-07-16,1540776.5575491672,0.0,定期存款利率：3个月（月）
2015-07-17,1540776.5575491672,0.0,定期存款利率：3个月（月）
2015-07-20,1540776.5575491672,0.0,定期存款利率：3个月（月）
2015-07-21,1540776.5575491672,0.0,定期存款利率：3个月（月）
2015-07-22,1540776.5575491672,0.0,定期存款利率：3个月（月）
2015-07-23,1540776.5575491672,0.0,定期存款利率：3个月（月）
2015-07-24,1540776.5575491672,0.0,定期存款利率：3个月（月）
2015-07-27,1540776.5575491672,0.0,定期存款利率：3个月（月）
2015-07-28,1540776.5575491672,0.0,定期存款利率：3个月（月）
2015-07-29,1540776.5575491672,0.0,定期存款利率：3个月（月）
2015-07-30,1540776.5575491672,0.0,定期存款利率：3个月（月）
2015-07-31,1540776.5575491672,0.0,定期存款利率：3个月（月）
2015-08-03,1540776.5575491672,0.0,定期存款利率：3个月（月）
2015-08-04,1540776.5575491672,0.0,定期存款利率：3个月（月）
2015-08-05,1540776.5575491672,0.0,定期存款利率：3个月（月）
2015-08-06,1540776.5575491672,0.0,定期存款利率：3个月（月）
2015-08-07,1540776.5575491672,0.0,定期存款利率：3个月（月）
2015-08-10,1540776.5575491672,0.0,定期存款利率：3个月（月）
2015-08-11,1540776.5575491672,0.0,定期存款利率：3个月（月）
2015-08-12,1540776.5575491672,0.0,定期存款利率：3个月（月）
2015-08-13,1540776.5575491672,0.0,定期存款利率：3个月（月）
2015-08-14,1540776.5575491672,0.0,定期存款利率：3个月（月）
2015-08-17,1540776.5575491672,0.0,定期存款利率：3个月（月）
2015-08-18,1540776.5575491672,0.0,定期存款利率：3个月（月）
2015-08-19,1540776.5575491672,0.0,定期存款利率：3个月（月）
2015-08-20,1540776.5575491672,0.0,定期存款利率：3个月（月）
2015-08-21,1540776.5575491672,0.0,定期存款利率：3个月（月）
2015-08-24,1540776.5575491672,0.0,定期存款利率：3个月（月）
2015-08-25,1540776.5575491672,0.0,定期存款利率：3个月（月）
2015-08-26,1540776.5575491672,0.0,定期存款利率：3个月（月）
2015-08-27,1540776.5575491672,0.0,定期存款利率：3个月（月）
2015-08-28,1540776.5575491672,0.0,定期存款利率：3个月（月）
2015-08-31,1540766.1577129369,0.0,定期存款利率：3个月（月）
2015-09-01,1540766.1577129369,0.0,定期存款利率：3个月（月）
2015-09-02,1540766.1577129369,0.0,定期存款利率：3个月（月）
2015-09-07,1540766.1577129369,0.0,定期存款利率：3个月（月）
2015-09-08,1540766.1577129369,0.0,定期存款利率：3个月（月）
2015-09-09,1540766.1577129369,0.0,定期存款利率：3个月（月）
2015-09-10,1540766.1577129369,0.0,定期存款利率：3个月（月）
2015-09-11,1540766.1577129369,0.0,定期存款利率：3个月（月）
2015-09-14,1540766.1577129369,0.0,定期存款利率：3个月（月）
2015-09-15,1540766.1577129369,0.0,定期存款利率：3个月（月）
2015-09-16,1540766.1577129369,0.0,定期存款利率：3个月（月）
2015-09-17,1540766.1577129369,0.0,定期存款利率：3个月（月）
2015-09-18,1540766.1577129369,0.0,定期存款利率：3个月（月）
2015-09-21,1540766.1577129369,0.0,定期存款利率：3个月（月）
2015-09-22,1540766.1577129369,0.0,定期存款利率：3个月（月）
2015-09-23,1540766.1577129369,0.0,定期存款利率：3个月（月）
2015-09-24,1540766.1577129369,0.0,定期存款利率：3个月（月）
2015-09-25,1540766.1577129369,0.0,定期存款利率：3个月（月）
2015-09-28,1540766.1577129369,0.0,定期存款利率：3个月（月）
2015-09-29,1540766.1577129369,0.0,定期存款利率：3个月（月）
2015-09-30,1540766.1577129369,0.0,定期存款利率：3个月（月）
2015-10-08,1540766.1577129369,0.0,定期存款利率：3个月（月）
2015-10-09,1540766.1577129369,0.0,定期存款利率：3个月（月）
2015-10-12,1540766.1577129369,0.0,定期存款利率：3个月（月）
2015-10-13,1540766.1577129369,0.0,定期存款利率：3个月（月）
2015-10-14,1540766.1577129369,0.0,定期存款利率：3个月（月）
2015-10-15,1540766.1577129369,0.0,定期存款利率：3个月（月）
2015-10-16,1540766.1577129369,0.0,定期存款利率：3个月（月）
2015-10-19,1540766.1577129369,0.0,定期存款利率：3个月（月）
2015-10-20,1540766.1577129369,0.0,定期存款利率：3个月（月）
2015-10-21,1540766.1577129369,0.0,定期存款利率：3个月（月）
2015-10-22,1540766.1577129369,0.0,定期存款利率：3个月（月）
2015-10-23,1540766.1577129369,0.0,定期存款利率：3个月（月）
2015-10-26,1540766.1577129369,0.0,定期存款利率：3个月（月）
2015-10-27,1540766.1577129369,0.0,定期存款利率：3个月（月）
2015-10-28,1540766.1577129369,0.0,定期存款利率：3个月（月）
2015-10-29,1540766.1577129369,0.0,定期存款利率：3个月（月）
2015-10-30,1540766.1577129369,0.0,定期存款利率：3个月（月）
2015-11-02,1540766.1577129369,0.0,中债综合指数
2015-11-03,1540010.271295235,0.0,中债综合指数
2015-11-04,1538302.56119579,0.0,中债综合指数
2015-11-05,1538220.7708699743,0.0,中债综合指数
2015-11-06,1538423.8984923295,0.0,中债综合指数
2015-11-09,1533654.8933409317,0.0,中债综合指数
2015-11-10,1532943.9466626889,0.0,中债综合指数
2015-11-11,1534335.280996342,0.0,中债综合指数
2015-11-12,1534580.6519737886,0.0,中债综合指数
2015-11-13,1535359.00826122,0.0,中债综合指数
2015-11-16,1535616.063570926,0.0,中债综合指数
2015-11-17,1535992.6585875931,0.0,中债综合指数
2015-11-18,1535644.8250041797,0.0,中债综合指数
2015-11-19,1535299.687805134,0.0,中债综合指数
2015-11-20,1535962.9983595503,0.0,中债综合指数
2015-11-23,1536323.415070012,0.0,中债综合指数
2015-11-24,1537427.1350711272,0.0,中债综合指数
2015-11-25,1538430.1900558537,0.0,中债综合指数
2015-11-26,1539556.3799266983,0.0,中债综合指数
2015-11-27,1540103.74595331,0.0,中债综合指数
2015-11-30,1541540.020026422,0.0,中债综合指数
2015-12-01,1541930.096964927,0.0,中债综合指数
2015-12-02,1542337.251004426,0.0,中债综合指数
2015-12-03,1543772.6262827495,0.0,中债综合指数
2015-12-04,1545391.3556980656,0.0,中债综合指数
2015-12-07,1546477.099803397,0.0,中债综合指数
2015-12-08,1548102.1207822377,0.0,中债综合指数
2015-12-09,1548942.4939101222,0.0,中债综合指数
2015-12-10,1549410.7659952857,0.0,中债综合指数
2015-12-11,1550092.0524454855,0.0,中债综合指数
2015-12-14,1549557.2695459223,0.0,中债综合指数
2015-12-15,1549899.7103606006,0.0,中债综合指数
2015-12-16,1550874.0039120736,0.0,中债综合指数
2015-12-17,1552019.96726828,0.0,中债综合指数
2015-12-18,1553964.959192069,0.0,中债综合指数
2015-12-21,1557626.6491631952,0.0,中债综合指数
2015-12-22,1559616.5808264434,0.0,中债综合指数
2015-12-23,1560171.1372113684,0.0,中债综合指数
2015-12-24,1562356.1073438688,0.0,中债综合指数
2015-12-25,1563006.8347712364,0.0,中债综合指数
2015-12-28,1564272.337834404,0.0,中债综合指数
2015-12-29,1564681.2894634819,0.0,中债综合指数
2015-12-30,1564682.188258271,0.0,中债综合指数
2015-12-31,1564834.0845776426,0.0,中债综合指数
2016-01-04,1563287.258745461,0.0,CRB现货指数：综合
2016-01-05,1564580.61089441,0.0,CRB现货指数：综合
2016-01-06,1574134.7283818056,0.0,CRB现货指数：综合
2016-01-07,1568252.0621559417,0.0,CRB现货指数：综合
2016-01-08,1576387.6643832,0.0,CRB现货指数：综合
2016-01-11,1560116.4599286837,0.0,CRB现货指数：综合
2016-01-12,1567042.152081119,0.0,CRB现货指数：综合
2016-01-13,1567042.152081119,0.0,CRB现货指数：综合
2016-01-14,1569086.482897199,0.0,CRB现货指数：综合
2016-01-15,1571089.0926762165,0.0,CRB现货指数：综合
2016-01-18,1571089.0926762165,0.0,CRB现货指数：综合
2016-01-19,1573926.123196491,0.0,CRB现货指数：综合
2016-01-20,1575761.848827257,0.0,CRB现货指数：综合
2016-01-21,1575553.2436419427,0.0,CRB现货指数：综合
2016-01-22,1572173.839639851,0.0,CRB现货指数：综合
2016-01-25,1580935.257423052,0.0,CRB现货指数：综合
2016-01-26,1586192.1080929728,0.0,CRB现货指数：综合
2016-01-27,1592199.9374300248,0.0,CRB现货指数：综合
2016-01-28,1592199.9374300248,0.0,CRB现货指数：综合
2016-01-29,1599000.4664712716,0.0,CRB现货指数：综合
2016-02-01,1598541.53506358,0.0,CRB现货指数：综合
2016-02-02,1603422.896399935,0.0,CRB现货指数：综合
2016-02-03,1609430.725736987,0.0,CRB现货指数：综合
2016-02-04,1613394.224257959,0.0,CRB现货指数：综合
2016-02-05,1610181.7044041187,0.0,CRB现货指数：综合
2016-02-15,1605967.8796607696,0.0,CRB现货指数：综合
2016-02-16,1604215.5961041292,0.0,CRB现货指数：综合
2016-02-17,1609013.5153663587,0.0,CRB现货指数：综合
2016-02-18,1607970.489439787,0.0,CRB现货指数：综合
2016-02-19,1606301.6479572724,0.0,CRB现货指数：综合
2016-02-22,1607761.8842544728,0.0,CRB现货指数：综合
2016-02-23,1604632.806474758,0.0,CRB现货指数：综合
2016-02-24,1605592.3903272038,0.0,CRB现货指数：综合
2016-02-25,1602463.312547489,0.0,CRB现货指数：综合
2016-02-26,1599584.5609901515,0.0,CRB现货指数：综合
2016-02-29,1600544.1448425974,0.0,CRB现货指数：综合
2016-03-01,1600460.7027684718,0.0,CRB现货指数：综合
2016-03-02,1600460.7027684718,0.0,CRB现货指数：综合
2016-03-03,1606343.3689943352,0.0,CRB现货指数：综合
2016-03-04,1615980.9285558565,0.0,CRB现货指数：综合
2016-03-07,1618776.2380390684,0.0,CRB现货指数：综合
2016-03-08,1621738.4316705316,0.0,CRB现货指数：综合
2016-03-09,1625576.767080315,0.0,CRB现货指数：综合
2016-03-10,1647814.0798348207,0.0,CRB现货指数：综合
2016-03-11,1647313.4273900662,0.0,CRB现货指数：综合
2016-03-14,1652027.90457817,0.0,CRB现货指数：综合
2016-03-15,1651151.7627998497,0.0,CRB现货指数：综合
2016-03-16,1648106.1270942606,0.0,CRB现货指数：综合
2016-03-17,1668465.9931809378,0.0,CRB现货指数：综合
2016-03-18,1668799.7614774406,0.0,CRB现货指数：综合
2016-03-21,1683777.6137830082,0.0,CRB现货指数：综合
2016-03-22,1684695.4765983913,0.0,CRB现货指数：综合
2016-03-23,1683193.5192641283,0.0,CRB现货指数：综合
2016-03-24,1678145.273779522,0.0,CRB现货指数：综合
2016-03-25,1678145.273779522,0.0,CRB现货指数：综合
2016-03-28,1677436.0161494531,0.0,CRB现货指数：综合
2016-03-29,1677519.4582235788,0.0,CRB现货指数：综合
2016-03-30,1673639.4017767326,0.0,CRB现货指数：综合
2016-03-31,1673639.4017767326,0.0,CRB现货指数：综合
2016-04-01,1672262.6075536583,0.0,CRB现货指数：综合
2016-04-05,1673430.7965914186,0.0,CRB现货指数：综合
2016-04-06,1673430.7965914186,0.0,CRB现货指数：综合
2016-04-07,1672554.6548130983,0.0,CRB现货指数：综合
2016-04-08,1693081.4050480267,0.0,CRB现货指数：综合
2016-04-11,1691078.7952690092,0.0,CRB现货指数：综合
2016-04-12,1689618.5589718092,0.0,CRB现货指数：综合
2016-04-13,1714275.691875961,0.0,CRB现货指数：综合
2016-04-14,1714275.691875961,0.0,CRB现货指数：综合
2016-04-15,1716111.4175067267,0.0,CRB现货指数：综合
2016-04-18,1721326.5471395846,0.0,CRB现货指数：综合
2016-04-19,1729921.0807745343,0.0,CRB现货指数：综合
2016-04-20,1740434.7821143758,0.0,CRB现货指数：综合
2016-04-21,1736137.5152969009,0.0,CRB现货指数：综合
2016-04-22,1730755.5015157915,0.0,CRB现货指数：综合
2016-04-25,1730755.5015157915,0.0,CRB现货指数：综合
2016-04-26,1736054.0732227752,0.0,CRB现货指数：综合
2016-04-27,1736054.0732227752,0.0,CRB现货指数：综合
2016-04-28,1734385.2317402605,0.0,CRB现货指数：综合
2016-04-29,1742479.112930456,0.0,CRB现货指数：综合
2016-05-03,1726583.3978095052,0.0,CRB现货指数：综合
2016-05-04,1727626.4237360768,0.0,CRB现货指数：综合
2016-05-05,1722494.7361773448,0.0,CRB现货指数：综合
2016-05-06,1722786.7834367848,0.0,CRB现货指数：综合
2016-05-09,1726207.9084759397,0.0,CRB现货指数：综合
2016-05-10,1730338.2911451631,0.0,CRB现货指数：综合
2016-05-11,1728878.0548479627,0.0,CRB现货指数：综合
2016-05-12,1728878.0548479627,0.0,CRB现货指数：综合
2016-05-13,1734134.9055178834,0.0,CRB现货指数：综合
2016-05-16,1736137.5152969009,0.0,CRB现货指数：综合
2016-05-17,1738640.7775206727,0.0,CRB现货指数：综合
2016-05-18,1735678.5838892092,0.0,CRB现货指数：综合
2016-05-19,1723913.2514374822,0.0,CRB现货指数：综合
2016-05-20,1718656.4007675615,0.0,CRB现货指数：综合
2016-05-23,1716904.1172109211,0.0,CRB现货指数：综合
2016-05-24,1711063.1720221206,0.0,CRB现货指数：综合
2016-05-25,1710228.7512808633,0.0,CRB现货指数：综合
2016-05-26,1713274.3869864522,0.0,CRB现货指数：综合
2016-05-27,1713274.3869864522,0.0,CRB现货指数：综合
2016-05-30,1716570.3489144184,0.0,CRB现货指数：综合
2016-05-31,1720158.3581018245,0.0,CRB现货指数：综合
2016-06-01,1722327.8520290933,0.0,CRB现货指数：综合
2016-06-02,1726583.3978095052,0.0,CRB现货指数：综合
2016-06-03,1737848.0778164782,0.0,CRB现货指数：综合
2016-06-06,1748737.2684898854,0.0,CRB现货指数：综合
2016-06-07,1747193.5901185593,0.0,CRB现货指数：综合
2016-06-08,1756121.892050012,0.0,CRB现货指数：综合
2016-06-13,1755746.4027164462,0.0,CRB现货指数：综合
2016-06-14,1752742.4880479202,0.0,CRB现货指数：综合
2016-06-15,1751616.0200472227,0.0,CRB现货指数：综合
2016-06-16,1749112.7578234512,0.0,CRB现货指数：综合
2016-06-17,1748904.1526381369,0.0,CRB现货指数：综合
2016-06-20,1742479.112930456,0.0,CRB现货指数：综合
2016-06-21,1734051.4634437577,0.0,CRB现货指数：综合
2016-06-22,1731214.432923483,0.0,CRB现货指数：综合
2016-06-23,1734885.884185015,0.0,CRB现货指数：综合
2016-06-24,1725957.5822535623,0.0,CRB现货指数：综合
2016-06-27,1722536.4572144076,0.0,CRB现货指数：综合
2016-06-28,1723788.0883262935,0.0,CRB现货指数：综合
2016-06-29,1723203.9938074134,0.0,CRB现货指数：综合
2016-06-30,1721910.641658465,0.0,CRB现货指数：综合
2016-07-01,1725415.2087717452,0.0,CRB现货指数：综合
2016-07-04,1725415.2087717452,0.0,CRB现货指数：综合
2016-07-05,1724539.0669934251,0.0,CRB现货指数：综合
2016-07-06,1718781.5638787502,0.0,CRB现货指数：综合
2016-07-07,1706932.789352897,0.0,CRB现货指数：综合
2016-07-08,1715110.112617218,0.0,CRB现货指数：综合
2016-07-11,1717321.3275815498,0.0,CRB现货指数：综合
2016-07-12,1719908.0318794474,0.0,CRB现货指数：综合
2016-07-13,1731464.7591458603,0.0,CRB现货指数：综合
2016-07-14,1735469.9787038951,0.0,CRB现货指数：综合
2016-07-15,1731130.9908493573,0.0,CRB现货指数：综合
2016-07-18,1729879.3597374714,0.0,CRB现货指数：综合
2016-07-19,1722411.294103219,0.0,CRB现货指数：综合
2016-07-20,1716778.9540997327,0.0,CRB现货指数：综合
2016-07-21,1716612.0699514812,0.0,CRB现货指数：综合
2016-07-22,1713107.502838201,0.0,CRB现货指数：综合
2016-07-25,1710020.146095549,0.0,CRB现货指数：综合
2016-07-26,1707975.8152794687,0.0,CRB现货指数：综合
2016-07-27,1708726.7939466,0.0,CRB现货指数：综合
2016-07-28,1700549.4706822792,0.0,CRB现货指数：综合
2016-07-29,1702510.3594242337,0.0,CRB现货指数：综合
2016-08-01,1695709.830382987,0.0,CRB现货指数：综合
2016-08-02,1700841.5179417192,0.0,CRB现货指数：综合
2016-08-03,1703052.7329060507,0.0,CRB现货指数：综合
2016-08-04,1703887.153647308,0.0,CRB现货指数：综合
2016-08-05,1708309.5835759714,0.0,CRB现货指数：综合
2016-08-08,1711981.0348375032,0.0,CRB现货指数：综合
2016-08-09,1711981.0348375032,0.0,CRB现货指数：综合
2016-08-10,1713190.9449123265,0.0,CRB现货指数：综合
2016-08-11,1713691.5973570808,0.0,CRB现货指数：综合
2016-08-12,1714359.1339500868,0.0,CRB现货指数：综合
2016-08-15,1714442.5760242124,0.0,CRB现货指数：综合
2016-08-16,1711897.5927633776,0.0,CRB现货指数：综合
2016-08-17,1725957.5822535623,0.0,CRB现货指数：综合
2016-08-18,1727209.2133654484,0.0,CRB现货指数：综合
2016-08-19,1720825.8946948303,0.0,CRB现货指数：综合
2016-08-22,1717154.4434332983,0.0,CRB现货指数：综合
2016-08-23,1717154.4434332983,0.0,CRB现货指数：综合
2016-08-24,1714734.6232836524,0.0,CRB现货指数：综合
2016-08-25,1709185.7253542917,0.0,CRB现货指数：综合
2016-08-26,1697795.88223613,0.0,CRB现货指数：综合
2016-08-29,1691662.8897878896,0.0,CRB现货指数：综合
2016-08-30,1687490.7860816033,0.0,CRB现货指数：综合
2016-08-31,1680565.0939291678,0.0,CRB现货指数：综合
2016-09-01,1691496.0056396378,0.0,CRB现货指数：综合
2016-09-02,1694207.873048724,0.0,CRB现货指数：综合
2016-09-05,1694207.873048724,0.0,CRB现货指数：综合
2016-09-06,1694207.873048724,0.0,CRB现货指数：综合
2016-09-07,1695751.5514200497,0.0,CRB现货指数：综合
2016-09-08,1697462.1139396273,0.0,CRB现货指数：综合
2016-09-09,1687073.5757109744,0.0,CRB现货指数：综合
2016-09-12,1674640.7066662414,0.0,CRB现货指数：综合
2016-09-13,1669967.9505152006,0.0,CRB现货指数：综合
2016-09-14,1669967.9505152006,0.0,CRB现货指数：综合
2016-09-19,1675057.91703687,0.0,CRB现货指数：综合
2016-09-20,1675057.91703687,0.0,CRB现货指数：综合
2016-09-21,1679021.415557842,0.0,CRB现货指数：综合
2016-09-22,1683652.4506718197,0.0,CRB现货指数：综合
2016-09-23,1682192.2143746195,0.0,CRB现货指数：综合
2016-09-26,1682192.2143746195,0.0,CRB现货指数：综合
2016-09-27,1679104.8576319676,0.0,CRB现货指数：综合
2016-09-28,1676142.6640005044,0.0,CRB现货指数：综合
2016-09-29,1676142.6640005044,0.0,CRB现货指数：综合
2016-09-30,1679021.415557842,0.0,CRB现货指数：综合
2016-10-10,1679188.2997060935,0.0,CRB现货指数：综合
2016-10-11,1673806.2859249841,0.0,CRB现货指数：综合
2016-10-12,1670677.2081452694,0.0,CRB现货指数：综合
2016-10-13,1666755.4306613605,0.0,CRB现货指数：综合
2016-10-14,1666546.825476046,0.0,CRB现货指数：综合
2016-10-17,1669467.2980704464,0.0,CRB现货指数：综合
2016-10-18,1669008.3666627551,0.0,CRB现货指数：综合
2016-10-19,1667756.735550869,0.0,CRB现货指数：综合
2016-10-20,1663918.4001410857,0.0,CRB现货指数：综合
2016-10-21,1663918.4001410857,0.0,CRB现货指数：综合
2016-10-24,1667297.8041431776,0.0,CRB现货指数：综合
2016-10-25,1673931.4490361728,0.0,CRB现货指数：综合
2016-10-26,1679688.952150848,0.0,CRB现货指数：综合
2016-10-27,1681024.0253368595,0.0,CRB现货指数：综合
2016-10-28,1682984.914078814,0.0,CRB现货指数：综合
2016-10-31,1683777.6137830082,0.0,CRB现货指数：综合
2016-11-01,1683735.8927459454,0.0,CRB现货指数：综合
2016-11-02,1688658.9751193633,0.0,CRB现货指数：综合
2016-11-03,1687907.9964522317,0.0,CRB现货指数：综合
2016-11-04,1688575.5330452377,0.0,CRB现货指数：综合
2016-11-07,1689827.1641571233,0.0,CRB现货指数：综合
2016-11-08,1701091.8441640963,0.0,CRB现货指数：综合
2016-11-09,1710604.2406144289,0.0,CRB现货指数：综合
2016-11-10,1720617.289509516,0.0,CRB现货指数：综合
2016-11-11,1721952.3626955277,0.0,CRB现货指数：综合
2016-11-14,1715402.1598766583,0.0,CRB现货指数：综合
2016-11-15,1717196.164470361,0.0,CRB现货指数：综合
2016-11-16,1716737.2330626699,0.0,CRB现货指数：综合
2016-11-17,1723078.830696225,0.0,CRB现货指数：综合
2016-11-18,1720617.289509516,0.0,CRB现货指数：综合
2016-11-21,1727876.749958454,0.0,CRB现货指数：综合
2016-11-22,1730463.4542563516,0.0,CRB现货指数：综合
2016-11-23,1739600.3613731184,0.0,CRB现货指数：综合
2016-11-24,1739600.3613731184,0.0,CRB现货指数：综合
2016-11-25,1740685.108336753,0.0,CRB现货指数：综合
2016-11-28,1742312.2287822047,0.0,CRB现货指数：综合
2016-11-29,1742312.2287822047,0.0,CRB现货指数：综合
2016-11-30,1756288.7761982635,0.0,CRB现货指数：综合
2016-12-01,1755746.4027164462,0.0,中债综合指数
2016-12-02,1754432.3852016276,0.0,中债综合指数
2016-12-05,1753504.3235039422,0.0,中债综合指数
2016-12-06,1747253.4105877846,0.0,中债综合指数
2016-12-07,1747797.4806200785,0.0,中债综合指数
2016-12-08,1748892.4952157605,0.0,中债综合指数
2016-12-09,1748703.936648612,0.0,中债综合指数
2016-12-12,1745056.5068653265,0.0,中债综合指数
2016-12-13,1741256.8553221037,0.0,中债综合指数
2016-12-14,1738043.5030736092,0.0,中债综合指数
2016-12-15,1726113.245397964,0.0,中债综合指数
2016-12-16,1726400.9936280402,0.0,中债综合指数
2016-12-19,1722557.148670642,0.0,中债综合指数
2016-12-20,1719462.627602486,0.0,中债综合指数
2016-12-21,1722913.6422116577,0.0,中债综合指数
2016-12-22,1727219.0628282225,0.0,中债综合指数
2016-12-23,1731177.810662477,0.0,中债综合指数
2016-12-26,1733355.0728675236,0.0,中债综合指数
2016-12-27,1734011.0995490623,0.0,中债综合指数
2016-12-28,1734838.0074320796,0.0,中债综合指数
2016-12-29,1738678.9061618662,0.0,中债综合指数
2016-12-30,1741116.418472613,0.0,中债综合指数
2017-01-03,1740739.3013383148,0.0,CRB现货指数：综合
2017-01-04,1743122.9749495531,0.0,CRB现货指数：综合
2017-01-05,1743369.561874854,0.0,CRB现货指数：综合
2017-01-06,1748260.2025599813,0.0,CRB现货指数：综合
2017-01-09,1764945.9178386515,0.0,CRB现货指数：综合
2017-01-10,1774275.123179189,0.0,CRB现货指数：综合
2017-01-11,1779782.2311775677,0.0,CRB现货指数：综合
2017-01-12,1783398.839415309,0.0,CRB现货指数：综合
2017-01-13,1783111.154669125,0.0,CRB现货指数：综合
2017-01-16,1783111.154669125,0.0,CRB现货指数：综合
2017-01-17,1776987.5793574948,0.0,CRB现货指数：综合
2017-01-18,1777686.242312513,0.0,CRB现货指数：综合
2017-01-19,1774645.0035671396,0.0,CRB现货指数：综合
2017-01-20,1778508.1987301814,0.0,CRB现货指数：综合
2017-01-23,1778919.176939016,0.0,CRB现货指数：综合
2017-01-24,1780152.1115655184,0.0,CRB现货指数：综合
2017-01-25,1779946.6224611015,0.0,CRB现货指数：综合
2017-01-26,1777028.6771783782,0.0,CRB现货指数：综合
2017-02-03,1779330.15514785,0.0,HS300收盘价
2017-02-06,1783941.777994965,0.0,HS300收盘价
2017-02-07,1779964.7821451596,0.0,HS300收盘价
2017-02-08,1789272.6447723638,0.0,HS300收盘价
2017-02-09,1796147.7705765485,0.0,HS300收盘价
2017-02-10,1805244.0908713161,0.0,HS300收盘价
2017-02-13,1817296.7152618836,0.0,HS300收盘价
2017-02-14,1817042.8644629598,0.0,HS300收盘价
2017-02-15,1809591.2858028857,0.0,HS300收盘价
2017-02-16,1819755.8948764573,0.0,HS300收盘价
2017-02-17,1809448.494728491,0.0,HS300收盘价
2017-02-20,1835864.8434914937,0.0,HS300收盘价
2017-02-21,1841909.6656408657,0.0,HS300收盘价
2017-02-22,1845579.9251086381,0.0,HS300收盘价
2017-02-23,1836885.5352454998,0.0,HS300收盘价
2017-02-24,1837165.828835978,0.0,HS300收盘价
2017-02-27,1822553.5422229294,0.0,HS300收盘价
2017-02-28,1826038.7021498203,0.0,HS300收盘价
2017-03-01,1829016.1604788634,0.0,HS300收盘价
2017-03-02,1816672.665381196,0.0,HS300收盘价
2017-03-03,1812843.749164096,0.0,HS300收盘价
2017-03-06,1822691.0447390133,0.0,HS300收盘价
2017-03-07,1826646.886355575,0.0,HS300收盘价
2017-03-08,1823880.9703589682,0.0,HS300收盘价
2017-03-09,1812357.2017994924,0.0,HS300收盘价
2017-03-10,1812859.6148390288,0.0,HS300收盘价
2017-03-13,1828836.3494962924,0.0,HS300收盘价
2017-03-14,1828090.6627744539,0.0,HS300收盘价
2017-03-15,1831766.2108005374,0.0,HS300收盘价
2017-03-16,1841216.8645021361,0.0,HS300收盘价
2017-03-17,1822336.7113321822,0.0,HS300收盘价
2017-03-20,1824346.3634903287,0.0,HS300收盘价
2017-03-21,1833199.4101027942,0.0,HS300收盘价
2017-03-22,1824579.0600560089,0.0,HS300收盘价
2017-03-23,1830888.310120926,0.0,HS300收盘价
2017-03-24,1845495.3081756635,0.0,HS300收盘价
2017-03-27,1839381.7347682498,0.0,HS300收盘价
2017-03-28,1835029.2512783697,0.0,HS300收盘价
2017-03-29,1832585.9373387287,0.0,HS300收盘价
2017-03-30,1817550.5660608073,0.0,HS300收盘价
2017-03-31,1827752.1950425557,0.0,HS300收盘价
2017-04-05,1853052.6580019558,0.0,HS300收盘价
2017-04-06,1858425.833245842,0.0,HS300收盘价
2017-04-07,1860229.231629863,0.0,HS300收盘价
2017-04-10,1853713.7277908197,0.0,HS300收盘价
2017-04-11,1860160.480371821,0.0,HS300收盘价
2017-04-12,1855987.8078645119,0.0,HS300收盘价
2017-04-13,1858700.8382780096,0.0,HS300收盘价
2017-04-14,1843855.8550992808,0.0,HS300收盘价
2017-04-17,1840386.5608473232,0.0,HS300收盘价
2017-04-18,1831290.240552555,0.0,HS300收盘价
2017-04-19,1822373.7312403587,0.0,HS300收盘价
2017-04-20,1830660.9021135569,0.0,HS300收盘价
2017-04-21,1833432.1066684744,0.0,HS300收盘价
2017-04-24,1814641.8589898061,0.0,HS300收盘价
2017-04-25,1819777.0491097008,0.0,HS300收盘价
2017-04-26,1822003.5321585946,0.0,HS300收盘价
2017-04-27,1822817.970138475,0.0,HS300收盘价
2017-04-28,1819131.84499577,0.0,HS300收盘价
2017-05-02,1812166.8137002995,0.0,HS300收盘价
2017-05-03,1805053.7027721235,0.0,HS300收盘价
2017-05-04,1800431.502808387,0.0,HS300收盘价
2017-05-05,1788881.2914573564,0.0,HS300收盘价
2017-05-08,1776326.2540272526,0.0,HS300收盘价
2017-05-09,1773005.0394080002,0.0,HS300收盘价
2017-05-10,1765162.1074329184,0.0,HS300收盘价
2017-05-11,1775183.9254320958,0.0,HS300收盘价
2017-05-12,1790377.9534593443,0.0,HS300收盘价
2017-05-15,1797681.452486713,0.0,HS300收盘价
2017-05-16,1813261.545270658,0.0,HS300收盘价
2017-05-17,1803382.5183458754,0.0,HS300收盘价
2017-05-18,1797110.2881891346,0.0,HS300收盘价
2017-05-19,1800145.9206595977,0.0,HS300收盘价
2017-05-22,1804054.1652513612,0.0,HS300收盘价
2017-05-23,1810902.8482639915,0.0,HS300收盘价
2017-05-24,1810892.2711473699,0.0,HS300收盘价
2017-05-25,1843411.6162011642,0.0,HS300收盘价
2017-05-26,1840650.9887628686,0.0,HS300收盘价
2017-05-31,1847229.9553016424,0.0,HS300收盘价
2017-06-01,1849800.1946407454,0.0,HS300收盘价
2017-06-02,1843861.143657592,0.0,HS300收盘价
2017-06-05,1834468.6640974132,0.0,HS300收盘价
2017-06-06,1847229.9553016424,0.0,HS300收盘价
2017-06-07,1868907.7558180685,0.0,HS300收盘价
2017-06-08,1883245.0373989495,0.0,HS300收盘价
2017-06-09,1891278.357473224,0.0,HS300收盘价
2017-06-12,1890336.9940938817,0.0,HS300收盘价
2017-06-13,1894504.37804288,0.0,HS300收盘价
2017-06-14,1869664.019656529,0.0,HS300收盘价
2017-06-15,1866221.1681961254,0.0,HS300收盘价
2017-06-16,1860916.7442102814,0.0,HS300收盘价
2017-06-19,1879379.1012736734,0.0,HS300收盘价
2017-06-20,1875581.9164064387,0.0,HS300收盘价
2017-06-21,1897513.5677217885,0.0,HS300收盘价
2017-06-22,1898772.2445997857,0.0,HS300收盘价
2017-06-23,1915981.2133434915,0.0,HS300收盘价
2017-06-26,1939890.7854671222,0.0,HS300收盘价
2017-06-27,1943397.0996272564,0.0,HS300收盘价
2017-06-28,1928298.2656496044,0.0,HS300收盘价
2017-06-29,1940282.1387821296,0.0,HS300收盘价
2017-06-30,1939208.5614450148,0.0,HS300收盘价
2017-07-03,1930773.3109391108,0.0,HS300收盘价
2017-07-04,1914447.5314333271,0.0,HS300收盘价
2017-07-05,1935443.1079276456,0.0,HS300收盘价
2017-07-06,1935665.2273767039,0.0,HS300收盘价
2017-07-07,1933459.8985610537,0.0,HS300收盘价
2017-07-10,1932275.2614994096,0.0,HS300收盘价
2017-07-11,1941329.27332769,0.0,HS300收盘价
2017-07-12,1934988.2919129073,0.0,HS300收盘价
2017-07-13,1949849.1407665685,0.0,HS300收盘价
2017-07-14,1958400.7395553123,0.0,HS300收盘价
2017-07-17,1937495.0685522791,0.0,HS300收盘价
2017-07-18,1939409.526660829,0.0,HS300收盘价
2017-07-19,1972500.0360122023,0.0,HS300收盘价
2017-07-20,1982088.1922298847,0.0,HS300收盘价
2017-07-21,1971891.8518064474,0.0,HS300收盘价
2017-07-24,1979755.9380147727,0.0,HS300收盘价
2017-07-25,1967110.9950933834,0.0,HS300收盘价
2017-07-26,1959617.1079668219,0.0,HS300收盘价
2017-07-27,1963213.3276182418,0.0,HS300收盘价
2017-07-28,1968343.2291798256,0.0,HS300收盘价
2017-07-31,1976794.3453606623,0.0,HS300收盘价
2017-08-01,1993987.4484294355,0.0,CRB现货指数：综合
2017-08-02,1998460.906492219,0.0,CRB现货指数：综合
2017-08-03,1995659.3468973446,0.0,CRB现货指数：综合
2017-08-04,1995343.0417817943,0.0,CRB现货指数：综合
2017-08-07,2000268.3642953641,0.0,CRB现货指数：综合
2017-08-08,2005916.669930192,0.0,CRB现货指数：综合
2017-08-09,2007633.7548431796,0.0,CRB现货指数：综合
2017-08-10,1994258.5670999072,0.0,CRB现货指数：综合
2017-08-11,1992586.6686319986,0.0,CRB现货指数：综合
2017-08-14,1989242.8716961804,0.0,CRB现货指数：综合
2017-08-15,1978307.751987154,0.0,CRB现货指数：综合
2017-08-16,1981064.1251369498,0.0,CRB现货指数：综合
2017-08-17,1981606.3624778932,0.0,CRB现货指数：综合
2017-08-18,1978307.751987154,0.0,CRB现货指数：综合
2017-08-21,1974376.5312653137,0.0,CRB现货指数：综合
2017-08-22,1970897.1749942598,0.0,CRB现货指数：综合
2017-08-23,1971800.9038958321,0.0,CRB现货指数：综合
2017-08-24,1971620.1581155176,0.0,CRB现货指数：综合
2017-08-25,1967327.4458330486,0.0,CRB现货指数：综合
2017-08-28,1968502.2934050928,0.0,CRB现货指数：综合
2017-08-29,1964887.377798803,0.0,CRB现货指数：综合
2017-08-30,1967734.1238387562,0.0,CRB现货指数：综合
2017-08-31,1968502.2934050928,0.0,CRB现货指数：综合
2017-09-01,1968095.6153993853,0.0,CRB现货指数：综合
2017-09-04,1968095.6153993853,0.0,CRB现货指数：综合
2017-09-05,1971077.9207745742,0.0,CRB现货指数：综合
2017-09-06,1973472.8023637412,0.0,CRB现货指数：综合
2017-09-07,1968592.6662952502,0.0,CRB现货指数：综合
2017-09-08,1961679.1401982207,0.0,CRB现货指数：综合
2017-09-11,1959510.1908344468,0.0,CRB现货指数：综合
2017-09-12,1952280.3596218675,0.0,CRB现货指数：综合
2017-09-13,1942565.2739299636,0.0,CRB现货指数：综合
2017-09-14,1938317.7480925731,0.0,CRB现货指数：综合
2017-09-15,1933527.9849142393,0.0,CRB现货指数：综合
2017-09-18,1931359.0355504656,0.0,CRB现货指数：综合
2017-09-19,1937775.5107516297,0.0,CRB现货指数：综合
2017-09-20,1939628.1549998533,0.0,CRB现货指数：综合
2017-09-21,1941571.1721382341,0.0,CRB现货指数：综合
2017-09-22,1937956.2565319443,0.0,CRB现货指数：综合
2017-09-25,1938362.934537652,0.0,CRB现货指数：综合
2017-09-26,1932127.205116802,0.0,CRB现货指数：综合
2017-09-27,1938408.1209827305,0.0,CRB现货指数：综合
2017-09-28,1933799.103584711,0.0,CRB现货指数：综合
2017-09-29,1930907.171099679,0.0,CRB现货指数：综合
2017-10-09,1942294.1552594919,0.0,CRB现货指数：综合
2017-10-10,1933708.7306945538,0.0,CRB现货指数：综合
2017-10-11,1938588.8667630448,0.0,CRB现货指数：综合
2017-10-12,1939582.9685547748,0.0,CRB现货指数：综合
2017-10-13,1944327.54528803,0.0,CRB现货指数：综合
2017-10-16,1947129.1048829046,0.0,CRB现货指数：综合
2017-10-17,1949659.5458073076,0.0,CRB现货指数：综合
2017-10-18,1934793.2053764407,0.0,CRB现货指数：综合
2017-10-19,1936736.2225148214,0.0,CRB现货指数：综合
2017-10-20,1932985.7475732956,0.0,CRB现货指数：综合
2017-10-23,1941571.1721382341,0.0,CRB现货指数：综合
2017-10-24,1939944.4601154036,0.0,CRB现货指数：综合
2017-10-25,1942791.2061553567,0.0,CRB现货指数：综合
2017-10-26,1942384.5281496493,0.0,CRB现货指数：综合
2017-10-27,1934838.3918215192,0.0,CRB现货指数：综合
2017-10-30,1935019.1376018338,0.0,CRB现货指数：综合
2017-10-31,1932262.7644520379,0.0,CRB现货指数：综合
2017-11-01,1937639.951416394,0.0,HS300收盘价
2017-11-02,1937887.2094432323,0.0,HS300收盘价
2017-11-03,1935739.4583473625,0.0,HS300收盘价
2017-11-06,1949406.5245759326,0.0,HS300收盘价
2017-11-07,1965580.1084491182,0.0,HS300收盘价
2017-11-08,1962554.833767803,0.0,HS300收盘价
2017-11-09,1976076.4540982328,0.0,HS300收盘价
2017-11-10,1993534.8100716565,0.0,HS300收盘价
2017-11-13,2001369.495784806,0.0,HS300收盘价
2017-11-14,1987445.4751361888,0.0,HS300收盘价
2017-11-15,1974995.306255391,0.0,HS300收盘价
2017-11-16,1990189.554414433,0.0,HS300收盘价
2017-11-17,1997869.0978362334,0.0,HS300收盘价
2017-11-20,2009010.2536337692,0.0,HS300收盘价
2017-11-21,2044823.8819524806,0.0,HS300收盘价
2017-11-22,2049609.052001292,0.0,HS300收盘价
2017-11-23,1988924.1751006134,0.0,HS300收盘价
2017-11-24,1989796.8504894543,0.0,HS300收盘价
2017-11-27,1963495.383909109,0.0,HS300收盘价
2017-11-28,1966341.2753160517,0.0,HS300收盘价
2017-11-29,1965337.6986188844,0.0,HS300收盘价
2017-11-30,1942236.0417976228,0.0,HS300收盘价
2017-12-01,1938376.877300304,0.0,HS300收盘价
2017-12-04,1948422.3406651842,0.0,HS300收盘价
2017-12-05,1958753.8476297401,0.0,HS300收盘价
2017-12-06,1946948.488897364,0.0,HS300收盘价
2017-12-07,1925247.9608948522,0.0,HS300收盘价
2017-12-08,1940917.332321152,0.0,HS300收盘价
2017-12-11,1972973.6082712428,0.0,HS300收盘价
2017-12-12,1947045.4528294574,0.0,HS300收盘价
2017-12-13,1963563.2586615747,0.0,HS300收盘价
2017-12-14,1951956.6759899901,0.0,HS300收盘价
2017-12-15,1929999.1935674308,0.0,HS300收盘价
2017-12-18,1932146.9446633004,0.0,HS300收盘价
2017-12-19,1956407.3204730789,0.0,HS300收盘价
2017-12-20,1954060.7933164174,0.0,HS300收盘价
2017-12-21,1972173.6558314718,0.0,HS300收盘价
2017-12-22,1965749.7953302816,0.0,HS300收盘价
2017-12-25,1959418.0505645801,0.0,HS300收盘价
2017-12-26,1965274.6720630238,0.0,HS300收盘价
2017-12-27,1935017.0770532663,0.0,HS300收盘价
2017-12-28,1948441.7334516027,0.0,HS300收盘价
2017-12-29,1954235.3283941858,0.0,HS300收盘价
